,dna_change,UniProt,PTM_Position,MutationSite,exact_position,gene,num_cohort_ssm_affected_cases,num_cohort_ssm_cases,affected_cases_percentage,Source,Is_experimental_verification
32,chr17:g.20204950delA,Q5M775,302,N303S,303,SPECC1,51,16508,0.31,ActiveDriverDB,0
229,chr1:g.26773456C>T,O14497,1276,R1276*,1276,ARID1A,13,16508,0.08,Biomuta,0
699,chr11:g.57796827G>A,O60716,257,R264Q,264,CTNND1,3,16508,0.02,ActiveDriverDB,0
1447,chr22:g.29297895C>T,Q01844,461,P460L,460,EWSR1,3,16508,0.02,ActiveDriverDB,0
1448,chr22:g.29297895C>T,Q01844,464,P460L,460,EWSR1,3,16508,0.02,ActiveDriverDB,0
1471,chr17:g.16070234G>A,O75376,1487,R1482W,1482,NCOR1,2,16508,0.01,ActiveDriverDB,0
1474,chr17:g.50197026C>G,P02452,265,G263A,263,COL1A1,1,16508,0.01,ActiveDriverDB,0
1475,chr17:g.50196672T>C,P02452,265,G269R,269,COL1A1,1,16508,0.01,ActiveDriverDB;ActiveDriverDB;ActiveDriverDB;ActiveDriverDB,0
1476,chr17:g.50197022C>T,P02452,265,M264I,264,COL1A1,1,16508,0.01,ActiveDriverDB,0
1477,chr17:g.50186768A>T,P02452,1234,L1229H,1229,COL1A1,1,16508,0.01,ActiveDriverDB,0
1478,chr17:g.50186775G>A,P02452,1234,R1227H,1227,COL1A1,1,16508,0.01,ActiveDriverDB;ActiveDriverDB,0
1479,chr2:g.189008048C>G,P02461,1145,P1144S,1144,COL3A1,1,16508,0.01,ActiveDriverDB;ActiveDriverDB;ActiveDriverDB,0
1480,chr1:g.156138602G>A,P02545,612,A605T,605,LMNA,1,16508,0.01,ActiveDriverDB,0
1481,chr1:g.156138712G>T,P02545,643,L641R,641,LMNA,1,16508,0.01,ActiveDriverDB;ActiveDriverDB;ActiveDriverDB,0
1518,chr9:g.131192218G>C,P35658,1201,K1195N,1195,NUP214,1,16508,0.01,ActiveDriverDB,0
1519,chr9:g.131197543A>G,P35658,1354,N1350D,1350,NUP214,1,16508,0.01,ActiveDriverDB,0
2056,chr11:g.3773702A>C,P52948,184,V178G,178,NUP98,1,16508,0.01,ActiveDriverDB,0
2120,chr1:g.147613021T>C,O00512,62,C64F,64,BCL9,1,16508,0.01,ActiveDriverDB,0
2121,chr1:g.147613021T>C,O00512,66,C64F,64,BCL9,1,16508,0.01,ActiveDriverDB,0
2122,chr1:g.147613021T>C,O00512,68,C64F,64,BCL9,1,16508,0.01,ActiveDriverDB,0
2123,chr1:g.147613087G>T,O00512,82,K86N,86,BCL9,1,16508,0.01,ActiveDriverDB,0
2124,chr1:g.147613148T>C,O00512,102,S107P,107,BCL9,1,16508,0.01,ActiveDriverDB,0
2125,chr1:g.147613145G>A,O00512,102,D106N,106,BCL9,1,16508,0.01,ActiveDriverDB,0
2126,chr1:g.147613148T>C,O00512,104,S107P,107,BCL9,1,16508,0.01,ActiveDriverDB,0
2127,chr1:g.147613145G>A,O00512,104,D106N,106,BCL9,1,16508,0.01,ActiveDriverDB,0
2128,chr1:g.147613148T>C,O00512,107,S107P,107,BCL9,1,16508,0.01,ActiveDriverDB,0
2129,chr1:g.147613145G>A,O00512,107,D106N,106,BCL9,1,16508,0.01,ActiveDriverDB,0
2152,chr1:g.147619018C>T,O00512,288,S288F,288,BCL9,1,16508,0.01,ActiveDriverDB,0
2153,chr1:g.147619018C>T,O00512,291,S288F,288,BCL9,1,16508,0.01,ActiveDriverDB,0
2154,chr1:g.147619095G>A,O00512,308,V314M,314,BCL9,1,16508,0.01,ActiveDriverDB,0
2155,chr1:g.147619114G>A,O00512,315,G320E,320,BCL9,1,16508,0.01,ActiveDriverDB,0
2156,chr1:g.147619095G>A,O00512,315,V314M,314,BCL9,1,16508,0.01,ActiveDriverDB,0
2157,chr1:g.147619114G>A,O00512,318,G320E,320,BCL9,1,16508,0.01,ActiveDriverDB,0
2158,chr1:g.147619095G>A,O00512,318,V314M,314,BCL9,1,16508,0.01,ActiveDriverDB,0
2175,chr1:g.147622501C>T,O00512,1039,P1045S,1045,BCL9,1,16508,0.01,ActiveDriverDB,0
2176,chr1:g.147622474G>A,O00512,1039,D1036N,1036,BCL9,1,16508,0.01,ActiveDriverDB,0
2177,chr1:g.147622484C>G,O00512,1039,S1039C,1039,BCL9,1,16508,0.01,ActiveDriverDB,0
2178,chr1:g.147622501C>T,O00512,1044,P1045S,1045,BCL9,1,16508,0.01,ActiveDriverDB,0
2179,chr1:g.147622484C>G,O00512,1044,S1039C,1039,BCL9,1,16508,0.01,ActiveDriverDB,0
2181,chrX:g.41341504T>A,O00571,53,S58T,58,DDX3X,1,16508,0.01,ActiveDriverDB;ActiveDriverDB,0
2182,chrX:g.41341504T>A,O00571,57,S58T,58,DDX3X,1,16508,0.01,ActiveDriverDB,0
2183,chrX:g.41341504T>A,O00571,58,S58T,58,DDX3X,1,16508,0.01,ActiveDriverDB,0
2184,chrX:g.41341504T>A,O00571,61,S58T,58,DDX3X,1,16508,0.01,ActiveDriverDB,0
2185,chrX:g.41341504T>A,O00571,62,S58T,58,DDX3X,1,16508,0.01,ActiveDriverDB,0
2186,chrX:g.41341504T>A,O00571,63,S58T,58,DDX3X,1,16508,0.01,ActiveDriverDB,0
2187,chrX:g.41342505C>T,O00571,92,R99H,99,DDX3X,1,16508,0.01,ActiveDriverDB,0
2188,chrX:g.41342505C>T,O00571,102,R99H,99,DDX3X,1,16508,0.01,ActiveDriverDB;ActiveDriverDB,0
2189,chrX:g.41342512G>A,O00571,102,R101W,101,DDX3X,1,16508,0.01,ActiveDriverDB;ActiveDriverDB,0
2190,chrX:g.41342533G>A,O00571,102,G108D,108,DDX3X,1,16508,0.01,ActiveDriverDB,0
2191,chrX:g.41342505C>T,O00571,104,R99H,99,DDX3X,1,16508,0.01,ActiveDriverDB;ActiveDriverDB,0
2192,chrX:g.41342512G>A,O00571,104,R101W,101,DDX3X,1,16508,0.01,ActiveDriverDB;ActiveDriverDB,0
2193,chrX:g.41342522C>T,O00571,104,Y104*,104,DDX3X,2,16508,0.01,Biomuta,0
2194,chrX:g.41342533G>A,O00571,104,G108D,108,DDX3X,1,16508,0.01,ActiveDriverDB,0
2195,chrX:g.41342533G>A,O00571,109,G108D,108,DDX3X,1,16508,0.01,ActiveDriverDB,0
2196,chrX:g.41342572G>A,O00571,114,R121L,121,DDX3X,1,16508,0.01,ActiveDriverDB,0
2197,chrX:g.41342533G>A,O00571,114,G108D,108,DDX3X,1,16508,0.01,ActiveDriverDB,0
2198,chrX:g.41342604G>A,O00571,125,D132N,132,DDX3X,1,16508,0.01,ActiveDriverDB,0
2199,chrX:g.41342572G>A,O00571,125,R121L,121,DDX3X,1,16508,0.01,ActiveDriverDB,0
2200,chrX:g.41342587G>C,O00571,131,R126P,126,DDX3X,1,16508,0.01,ActiveDriverDB,0
2201,chrX:g.41342602C>G,O00571,131,S131*,131,DDX3X,1,16508,0.01,Biomuta,0
2202,chrX:g.41342604G>A,O00571,131,D132N,132,DDX3X,1,16508,0.01,ActiveDriverDB,0
2295,chr1:g.26732685C>T,O14497,604,Q605E,605,ARID1A,2,16508,0.01,ActiveDriverDB,0
2296,chr1:g.26732676G>A,O14497,604,E602K,602,ARID1A,1,16508,0.01,ActiveDriverDB,0
2297,chr1:g.26732713C>G,O14497,613,S614L,614,ARID1A,1,16508,0.01,ActiveDriverDB,0
2298,chr1:g.26732731C>A,O14497,613,S620Y,620,ARID1A,1,16508,0.01,ActiveDriverDB,0
2299,chr1:g.26732782C>G,O14497,631,S637C,637,ARID1A,2,16508,0.01,ActiveDriverDB,0
2300,chr1:g.26732782C>G,O14497,638,S637C,637,ARID1A,2,16508,0.01,ActiveDriverDB,0
2301,chr1:g.26761036G>T,O14497,696,G701C,701,ARID1A,1,16508,0.01,ActiveDriverDB,0
2302,chr1:g.26761010T>A,O14497,696,I692N,692,ARID1A,1,16508,0.01,ActiveDriverDB,0
2303,chr1:g.26761036G>T,O14497,698,G701C,701,ARID1A,1,16508,0.01,ActiveDriverDB,0
2304,chr1:g.26761010T>A,O14497,698,I692N,692,ARID1A,1,16508,0.01,ActiveDriverDB,0
2305,chr1:g.26761036G>T,O14497,702,G701C,701,ARID1A,1,16508,0.01,ActiveDriverDB,0
2306,chr1:g.26761036G>T,O14497,705,G701C,701,ARID1A,1,16508,0.01,ActiveDriverDB,0
2307,chr1:g.26761079C>T,O14497,711,S715L,715,ARID1A,2,16508,0.01,ActiveDriverDB,0
2308,chr1:g.26761079C>T,O14497,715,S715L,715,ARID1A,2,16508,0.01,ActiveDriverDB,0
2309,chr1:g.26761441delCCATGAACC,O14497,745,S740F,740,ARID1A,1,16508,0.01,ActiveDriverDB,0
2310,chr1:g.26761456G>A,O14497,745,S745N,745,ARID1A,1,16508,0.01,ActiveDriverDB,0
2311,chr1:g.26761445G>A,O14497,745,M741I,741,ARID1A,1,16508,0.01,ActiveDriverDB,0
2312,chr1:g.26762208G>A,O14497,764,A770T,770,ARID1A,1,16508,0.01,ActiveDriverDB,0
2313,chr1:g.26762208G>A,O14497,769,A770T,770,ARID1A,1,16508,0.01,ActiveDriverDB;ActiveDriverDB,0
2314,chr1:g.26762218C>T,O14497,769,P773L,773,ARID1A,1,16508,0.01,ActiveDriverDB;ActiveDriverDB,0
2315,chr1:g.26762221G>A,O14497,769,R774H,774,ARID1A,2,16508,0.01,ActiveDriverDB,0
2316,chr1:g.26762208G>A,O14497,772,A770T,770,ARID1A,1,16508,0.01,ActiveDriverDB;ActiveDriverDB,0
2317,chr1:g.26762218C>T,O14497,772,P773L,773,ARID1A,1,16508,0.01,ActiveDriverDB;ActiveDriverDB,0
2318,chr1:g.26762221G>A,O14497,772,R774H,774,ARID1A,2,16508,0.01,ActiveDriverDB,0
2324,chr1:g.26772823C>T,O14497,1184,S1184L,1184,ARID1A,1,16508,0.01,Biomuta,0
2325,chr1:g.26772879A>T,O14497,1204,N1203Y,1203,ARID1A,1,16508,0.01,ActiveDriverDB,0
2326,chr1:g.26772879A>T,O14497,1206,N1203Y,1203,ARID1A,1,16508,0.01,ActiveDriverDB,0
2327,chr1:g.26772949A>G,O14497,1225,Y1226C,1226,ARID1A,1,16508,0.01,ActiveDriverDB;ActiveDriverDB,0
2328,chr1:g.26772947C>A,O14497,1225,S1225C,1225,ARID1A,1,16508,0.01,ActiveDriverDB;ActiveDriverDB,0
2329,chr1:g.26772934T>G,O14497,1225,M1221R,1221,ARID1A,1,16508,0.01,ActiveDriverDB,0
2330,chr1:g.26772949A>G,O14497,1233,Y1226C,1226,ARID1A,1,16508,0.01,ActiveDriverDB,0
2331,chr1:g.26772987G>A,O14497,1233,A1239T,1239,ARID1A,2,16508,0.01,ActiveDriverDB,0
2332,chr1:g.26772987G>A,O14497,1235,A1239T,1239,ARID1A,2,16508,0.01,ActiveDriverDB,0
2333,chr1:g.26773867A>T,O14497,1350,Q1357L,1357,ARID1A,2,16508,0.01,ActiveDriverDB,0
2334,chr1:g.26774761C>T,O14497,1506,Q1512H,1512,ARID1A,2,16508,0.01,ActiveDriverDB,0
2335,chr1:g.26774750A>G,O14497,1506,Y1508C,1508,ARID1A,1,16508,0.01,ActiveDriverDB,0
2336,chr1:g.26774726G>T,O14497,1506,G1500V,1500,ARID1A,1,16508,0.01,ActiveDriverDB,0
2337,chr1:g.26774761C>T,O14497,1508,Q1512H,1512,ARID1A,2,16508,0.01,ActiveDriverDB,0
2338,chr1:g.26774750A>G,O14497,1508,Y1508C,1508,ARID1A,1,16508,0.01,ActiveDriverDB,0
2339,chr1:g.26774761C>T,O14497,1513,Q1512H,1512,ARID1A,2,16508,0.01,ActiveDriverDB,0
2340,chr1:g.26774750A>G,O14497,1513,Y1508C,1508,ARID1A,1,16508,0.01,ActiveDriverDB,0
2341,chr1:g.26774761C>T,O14497,1514,Q1512H,1512,ARID1A,2,16508,0.01,ActiveDriverDB,0
2342,chr1:g.26774750A>G,O14497,1514,Y1508C,1508,ARID1A,1,16508,0.01,ActiveDriverDB,0
2343,chr1:g.26774879G>A,O14497,1544,R1551H,1551,ARID1A,2,16508,0.01,ActiveDriverDB,0
2394,chr15:g.93014772C>G,O14647,1584,S1590C,1590,CHD2,2,16508,0.01,ActiveDriverDB;ActiveDriverDB,0
2395,chr15:g.93014760C>T,O14647,1584,S1586F,1586,CHD2,1,16508,0.01,ActiveDriverDB,0
2396,chr15:g.93014772C>G,O14647,1590,S1590C,1590,CHD2,2,16508,0.01,ActiveDriverDB;ActiveDriverDB,0
2397,chr15:g.93014760C>T,O14647,1590,S1586F,1586,CHD2,1,16508,0.01,ActiveDriverDB,0
2433,chrX:g.108734852C>T,O14654,501,G498D,498,IRS4,2,16508,0.01,ActiveDriverDB,0
2434,chrX:g.108734651C>A,O14654,570,G565V,565,IRS4,1,16508,0.01,ActiveDriverDB,0
2435,chrX:g.108734633C>A,O14654,570,G571V,571,IRS4,1,16508,0.01,ActiveDriverDB,0
2436,chrX:g.108734580C>A,O14654,588,G589W,589,IRS4,1,16508,0.01,ActiveDriverDB,0
2721,chr7:g.138573628C>T,O15164,660,S667F,667,TRIM24,1,16508,0.01,ActiveDriverDB,0
2722,chr7:g.138573628C>T,O15164,663,S667F,667,TRIM24,1,16508,0.01,ActiveDriverDB,0
2723,chr7:g.138573628C>T,O15164,667,S667F,667,TRIM24,1,16508,0.01,Biomuta;ActiveDriverDB,0
2765,chr17:g.8150636delC,O15534,27,G24V,24,PER1,1,16508,0.01,ActiveDriverDB,0
2766,chr17:g.8150627G>A,O15534,27,S27F,27,PER1,1,16508,0.01,ActiveDriverDB,0
2772,chr17:g.8146099G>A,O15534,687,P693S,693,PER1,1,16508,0.01,ActiveDriverDB,0
2773,chr17:g.8146099G>A,O15534,692,P693S,693,PER1,1,16508,0.01,ActiveDriverDB,0
2782,chr17:g.8142399C>T,O15534,1100,E1107K,1107,PER1,1,16508,0.01,ActiveDriverDB,0
2783,chr17:g.8142399C>T,O15534,1103,E1107K,1107,PER1,1,16508,0.01,ActiveDriverDB,0
2784,chr17:g.8142399C>T,O15534,1104,E1107K,1107,PER1,1,16508,0.01,ActiveDriverDB,0
2844,chr6:g.108664022C>T,O43524,399,P397S,397,FOXO3,1,16508,0.01,ActiveDriverDB,0
2845,chr6:g.108664038C>T,O43524,399,S402L,402,FOXO3,1,16508,0.01,ActiveDriverDB,0
2846,chr6:g.108664022C>T,O43524,402,P397S,397,FOXO3,1,16508,0.01,ActiveDriverDB,0
2847,chr6:g.108664038C>T,O43524,402,S402L,402,FOXO3,1,16508,0.01,ActiveDriverDB,0
2848,chr6:g.108664068C>G,O43524,413,S412C,412,FOXO3,1,16508,0.01,ActiveDriverDB,0
2849,chr6:g.108664107C>T,O43524,421,S425F,425,FOXO3,1,16508,0.01,ActiveDriverDB,0
2850,chr6:g.108664107C>T,O43524,425,S425F,425,FOXO3,1,16508,0.01,ActiveDriverDB,0
2851,chr6:g.108664107C>T,O43524,427,S425F,425,FOXO3,1,16508,0.01,ActiveDriverDB,0
2852,chr6:g.108664512G>T,O43524,553,S560I,560,FOXO3,1,16508,0.01,ActiveDriverDB,0
2853,chr6:g.108664512G>T,O43524,555,S560I,560,FOXO3,1,16508,0.01,ActiveDriverDB,0
2854,chr6:g.108664573G>A,O43524,574,M580I,580,FOXO3,1,16508,0.01,ActiveDriverDB,0
2954,chr11:g.57796700C>T,O60716,217,P222R,222,CTNND1,1,16508,0.01,ActiveDriverDB,0
2955,chr11:g.57796700C>T,O60716,221,P222R,222,CTNND1,1,16508,0.01,ActiveDriverDB,0
2956,chr11:g.57796700C>T,O60716,228,P222R,222,CTNND1,1,16508,0.01,ActiveDriverDB,0
3015,chr17:g.9959240A>G,O60861,163,S163P,163,GAS7,1,16508,0.01,Biomuta,0
3166,chr19:g.54146616G>C,O75175,291,D285H,285,CNOT3,1,16508,0.01,ActiveDriverDB;ActiveDriverDB,0
3167,chr19:g.54146614A>G,O75175,291,D284G,284,CNOT3,1,16508,0.01,ActiveDriverDB,0
3168,chr19:g.54146616G>C,O75175,292,D285H,285,CNOT3,1,16508,0.01,ActiveDriverDB;ActiveDriverDB,0
3169,chr19:g.54148152C>T,O75175,294,P300L,300,CNOT3,1,16508,0.01,ActiveDriverDB,0
3170,chr19:g.54148152C>T,O75175,297,P300L,300,CNOT3,1,16508,0.01,ActiveDriverDB,0
3171,chr19:g.54148152C>T,O75175,299,P300L,300,CNOT3,1,16508,0.01,ActiveDriverDB,0
3172,chr19:g.54148149C>A,O75175,299,S299Y,299,CNOT3,1,16508,0.01,Biomuta,0
3221,chr17:g.16070242G>A,O75376,1472,T1479I,1479,NCOR1,1,16508,0.01,ActiveDriverDB,0
3222,chr17:g.16070234G>A,O75376,1479,R1482W,1482,NCOR1,2,16508,0.01,ActiveDriverDB;ActiveDriverDB,0
3223,chr17:g.16070242G>A,O75376,1479,T1479I,1479,NCOR1,1,16508,0.01,ActiveDriverDB;ActiveDriverDB,0
3224,chr17:g.16070234G>A,O75376,1484,R1482W,1482,NCOR1,2,16508,0.01,ActiveDriverDB;ActiveDriverDB,0
3225,chr17:g.16070242G>A,O75376,1484,T1479I,1479,NCOR1,1,16508,0.01,ActiveDriverDB;ActiveDriverDB,0
3226,chr17:g.16070174T>A,O75376,1496,T1502S,1502,NCOR1,1,16508,0.01,ActiveDriverDB,0
3227,chr17:g.16068092G>A,O75376,1522,H1515Y,1515,NCOR1,1,16508,0.01,ActiveDriverDB,0
3316,chr2:g.197409911C>T,O75533,248,D255N,255,SF3B1,1,16508,0.01,ActiveDriverDB,0
3317,chr2:g.197409911C>T,O75533,251,D255N,255,SF3B1,1,16508,0.01,ActiveDriverDB,0
3318,chr2:g.197409901G>A,O75533,251,P258L,258,SF3B1,1,16508,0.01,ActiveDriverDB,0
3319,chr2:g.197409911C>T,O75533,257,D255N,255,SF3B1,1,16508,0.01,ActiveDriverDB,0
3320,chr2:g.197409901G>A,O75533,257,P258L,258,SF3B1,1,16508,0.01,ActiveDriverDB,0
3321,chr2:g.197409911C>T,O75533,259,D255N,255,SF3B1,1,16508,0.01,ActiveDriverDB,0
3322,chr2:g.197409901G>A,O75533,259,P258L,258,SF3B1,1,16508,0.01,ActiveDriverDB,0
3323,chr2:g.197409911C>T,O75533,261,D255N,255,SF3B1,1,16508,0.01,ActiveDriverDB,0
3324,chr2:g.197409901G>A,O75533,261,P258L,258,SF3B1,1,16508,0.01,ActiveDriverDB,0
3325,chr2:g.197409874G>T,O75533,261,T267N,267,SF3B1,1,16508,0.01,ActiveDriverDB,0
3326,chr2:g.197409874G>T,O75533,267,T267N,267,SF3B1,1,16508,0.01,Biomuta,0
3327,chr2:g.197409853G>A,O75533,267,P274L,274,SF3B1,1,16508,0.01,ActiveDriverDB,0
3328,chr2:g.197409845C>A,O75533,273,A277S,277,SF3B1,1,16508,0.01,ActiveDriverDB,0
3329,chr2:g.197409874G>T,O75533,273,T267N,267,SF3B1,1,16508,0.01,ActiveDriverDB,0
3330,chr2:g.197409853G>A,O75533,273,P274L,274,SF3B1,1,16508,0.01,ActiveDriverDB,0
3331,chr2:g.197409845C>A,O75533,278,A277S,277,SF3B1,1,16508,0.01,ActiveDriverDB,0
3332,chr2:g.197409853G>A,O75533,278,P274L,274,SF3B1,1,16508,0.01,ActiveDriverDB,0
3333,chr2:g.197409817G>C,O75533,285,S286C,286,SF3B1,1,16508,0.01,ActiveDriverDB,0
3334,chr2:g.197409799C>T,O75533,285,R292K,292,SF3B1,1,16508,0.01,ActiveDriverDB,0
3335,chr2:g.197409817G>C,O75533,287,S286C,286,SF3B1,1,16508,0.01,ActiveDriverDB,0
3336,chr2:g.197409799C>T,O75533,287,R292K,292,SF3B1,1,16508,0.01,ActiveDriverDB,0
3337,chr2:g.197409799C>T,O75533,296,R292K,292,SF3B1,1,16508,0.01,ActiveDriverDB,0
3338,chr2:g.197409799C>T,O75533,299,R292K,292,SF3B1,1,16508,0.01,ActiveDriverDB,0
3339,chr2:g.197408564T>G,O75533,303,S308R,308,SF3B1,1,16508,0.01,ActiveDriverDB,0
3340,chr2:g.197408564T>G,O75533,308,S308R,308,SF3B1,1,16508,0.01,ActiveDriverDB,0
3341,chr2:g.197408564T>G,O75533,313,S308R,308,SF3B1,1,16508,0.01,ActiveDriverDB,0
3342,chr2:g.197408524T>A,O75533,316,D321V,321,SF3B1,1,16508,0.01,ActiveDriverDB,0
3343,chr2:g.197408524T>A,O75533,322,D321V,321,SF3B1,1,16508,0.01,ActiveDriverDB,0
3344,chr2:g.197408524T>A,O75533,326,D321V,321,SF3B1,1,16508,0.01,ActiveDriverDB,0
3345,chr2:g.197408524T>A,O75533,328,D321V,321,SF3B1,1,16508,0.01,ActiveDriverDB,0
3346,chr2:g.197408434G>A,O75533,344,P351L,351,SF3B1,1,16508,0.01,ActiveDriverDB;ActiveDriverDB,0
3347,chr2:g.197408434G>A,O75533,349,P351L,351,SF3B1,1,16508,0.01,ActiveDriverDB;ActiveDriverDB,0
3348,chr2:g.197408434G>A,O75533,350,P351L,351,SF3B1,1,16508,0.01,ActiveDriverDB;ActiveDriverDB,0
3349,chr2:g.197408434G>A,O75533,354,P351L,351,SF3B1,1,16508,0.01,ActiveDriverDB;ActiveDriverDB,0
3368,chr6:g.106105214C>A,O75626,359,G366C,366,PRDM1,1,16508,0.01,ActiveDriverDB,0
3369,chr6:g.106105214C>A,O75626,361,G366C,366,PRDM1,1,16508,0.01,ActiveDriverDB,0
3601,chr6:g.149683711C>T,O95835,462,V460M,460,LATS1,1,16508,0.01,ActiveDriverDB,0
3602,chr6:g.149683701T>C,O95835,462,N463S,463,LATS1,1,16508,0.01,ActiveDriverDB,0
3603,chr6:g.149683698G>T,O95835,462,S464F,464,LATS1,2,16508,0.01,ActiveDriverDB,0
3604,chr6:g.149683711C>T,O95835,464,V460M,460,LATS1,1,16508,0.01,ActiveDriverDB,0
3605,chr6:g.149683677T>C,O95835,464,N471S,471,LATS1,1,16508,0.01,ActiveDriverDB;ActiveDriverDB,0
3606,chr6:g.149683701T>C,O95835,464,N463S,463,LATS1,1,16508,0.01,ActiveDriverDB;ActiveDriverDB,0
3607,chr6:g.149683698G>T,O95835,464,S464F,464,LATS1,2,16508,0.01,Biomuta,0
3608,chr6:g.149683612G>A,O95835,490,P493S,493,LATS1,1,16508,0.01,ActiveDriverDB,0
3609,chr6:g.149683642C>T,O95835,490,A483T,483,LATS1,1,16508,0.01,ActiveDriverDB,0
3626,chr22:g.28734669C>G,O96017,12,C18Y,18,CHEK2,1,16508,0.01,ActiveDriverDB;ActiveDriverDB;ActiveDriverDB;ActiveDriverDB;ActiveDriverDB;ActiveDriverDB;ActiveDriverDB;ActiveDriverDB;ActiveDriverDB;ActiveDriverDB;ActiveDriverDB;ActiveDriverDB;ActiveDriverDB;ActiveDriverDB;ActiveDriverDB,0
3627,chr22:g.28734676T>G,O96017,12,S16N,16,CHEK2,1,16508,0.01,ActiveDriverDB;ActiveDriverDB;ActiveDriverDB;ActiveDriverDB;ActiveDriverDB;ActiveDriverDB;ActiveDriverDB;ActiveDriverDB;ActiveDriverDB;ActiveDriverDB;ActiveDriverDB;ActiveDriverDB;ActiveDriverDB;ActiveDriverDB;ActiveDriverDB,0
3628,chr22:g.28734687G>A,O96017,12,S12T,12,CHEK2,1,16508,0.01,ActiveDriverDB;ActiveDriverDB;ActiveDriverDB;ActiveDriverDB;ActiveDriverDB;ActiveDriverDB;ActiveDriverDB;ActiveDriverDB;ActiveDriverDB;ActiveDriverDB;ActiveDriverDB;ActiveDriverDB;ActiveDriverDB;ActiveDriverDB;ActiveDriverDB,0
3629,chr22:g.28734669C>G,O96017,15,C18Y,18,CHEK2,1,16508,0.01,ActiveDriverDB;ActiveDriverDB;ActiveDriverDB;ActiveDriverDB;ActiveDriverDB;ActiveDriverDB;ActiveDriverDB;ActiveDriverDB;ActiveDriverDB;ActiveDriverDB;ActiveDriverDB;ActiveDriverDB;ActiveDriverDB;ActiveDriverDB;ActiveDriverDB,0
3630,chr22:g.28734676T>G,O96017,15,S16N,16,CHEK2,1,16508,0.01,ActiveDriverDB;ActiveDriverDB;ActiveDriverDB;ActiveDriverDB;ActiveDriverDB;ActiveDriverDB;ActiveDriverDB;ActiveDriverDB;ActiveDriverDB;ActiveDriverDB;ActiveDriverDB;ActiveDriverDB;ActiveDriverDB;ActiveDriverDB;ActiveDriverDB,0
3631,chr22:g.28734687G>A,O96017,15,S12T,12,CHEK2,1,16508,0.01,ActiveDriverDB;ActiveDriverDB;ActiveDriverDB;ActiveDriverDB;ActiveDriverDB;ActiveDriverDB;ActiveDriverDB;ActiveDriverDB;ActiveDriverDB;ActiveDriverDB;ActiveDriverDB;ActiveDriverDB;ActiveDriverDB;ActiveDriverDB;ActiveDriverDB,0
3632,chr22:g.28734669C>G,O96017,19,C18Y,18,CHEK2,1,16508,0.01,ActiveDriverDB;ActiveDriverDB;ActiveDriverDB;ActiveDriverDB;ActiveDriverDB;ActiveDriverDB;ActiveDriverDB;ActiveDriverDB;ActiveDriverDB;ActiveDriverDB;ActiveDriverDB;ActiveDriverDB;ActiveDriverDB;ActiveDriverDB;ActiveDriverDB,0
3633,chr22:g.28734676T>G,O96017,19,S16N,16,CHEK2,1,16508,0.01,ActiveDriverDB;ActiveDriverDB;ActiveDriverDB;ActiveDriverDB;ActiveDriverDB;ActiveDriverDB;ActiveDriverDB;ActiveDriverDB;ActiveDriverDB;ActiveDriverDB;ActiveDriverDB;ActiveDriverDB;ActiveDriverDB;ActiveDriverDB;ActiveDriverDB,0
3634,chr22:g.28734649C>G,O96017,19,V25A,25,CHEK2,1,16508,0.01,ActiveDriverDB;ActiveDriverDB;ActiveDriverDB;ActiveDriverDB;ActiveDriverDB;ActiveDriverDB;ActiveDriverDB;ActiveDriverDB;ActiveDriverDB;ActiveDriverDB;ActiveDriverDB;ActiveDriverDB;ActiveDriverDB;ActiveDriverDB;ActiveDriverDB,0
3635,chr22:g.28734687G>A,O96017,19,S12T,12,CHEK2,1,16508,0.01,ActiveDriverDB;ActiveDriverDB;ActiveDriverDB;ActiveDriverDB;ActiveDriverDB;ActiveDriverDB;ActiveDriverDB;ActiveDriverDB;ActiveDriverDB;ActiveDriverDB;ActiveDriverDB;ActiveDriverDB;ActiveDriverDB;ActiveDriverDB;ActiveDriverDB,0
3636,chr22:g.28734653G>T,O96017,19,G23D,23,CHEK2,1,16508,0.01,ActiveDriverDB;ActiveDriverDB;ActiveDriverDB;ActiveDriverDB;ActiveDriverDB;ActiveDriverDB;ActiveDriverDB;ActiveDriverDB,0
3637,chr22:g.28734669C>G,O96017,24,C18Y,18,CHEK2,1,16508,0.01,ActiveDriverDB;ActiveDriverDB;ActiveDriverDB;ActiveDriverDB;ActiveDriverDB;ActiveDriverDB;ActiveDriverDB;ActiveDriverDB;ActiveDriverDB;ActiveDriverDB;ActiveDriverDB;ActiveDriverDB;ActiveDriverDB,0
3638,chr22:g.28734632G>T,O96017,24,G30S,30,CHEK2,1,16508,0.01,ActiveDriverDB;ActiveDriverDB;ActiveDriverDB;ActiveDriverDB;ActiveDriverDB;ActiveDriverDB;ActiveDriverDB;ActiveDriverDB;ActiveDriverDB;ActiveDriverDB;ActiveDriverDB;ActiveDriverDB;ActiveDriverDB,0
3639,chr22:g.28734649C>G,O96017,24,V25A,25,CHEK2,1,16508,0.01,ActiveDriverDB;ActiveDriverDB;ActiveDriverDB;ActiveDriverDB;ActiveDriverDB;ActiveDriverDB;ActiveDriverDB;ActiveDriverDB;ActiveDriverDB;ActiveDriverDB;ActiveDriverDB;ActiveDriverDB;ActiveDriverDB,0
3640,chr22:g.28734653G>T,O96017,24,G23D,23,CHEK2,1,16508,0.01,ActiveDriverDB;ActiveDriverDB;ActiveDriverDB;ActiveDriverDB;ActiveDriverDB;ActiveDriverDB;ActiveDriverDB;ActiveDriverDB,0
3641,chr22:g.28734649C>G,O96017,26,V25A,25,CHEK2,1,16508,0.01,ActiveDriverDB;ActiveDriverDB;ActiveDriverDB;ActiveDriverDB;ActiveDriverDB;ActiveDriverDB;ActiveDriverDB;ActiveDriverDB;ActiveDriverDB;ActiveDriverDB,0
3642,chr22:g.28734632G>T,O96017,26,G30D,30,CHEK2,1,16508,0.01,ActiveDriverDB;ActiveDriverDB;ActiveDriverDB;ActiveDriverDB;ActiveDriverDB;ActiveDriverDB;ActiveDriverDB,0
3643,chr22:g.28734653G>T,O96017,26,G23D,23,CHEK2,1,16508,0.01,ActiveDriverDB;ActiveDriverDB;ActiveDriverDB;ActiveDriverDB;ActiveDriverDB;ActiveDriverDB;ActiveDriverDB,0
3644,chr22:g.28734632G>T,O96017,28,G30S,30,CHEK2,1,16508,0.01,ActiveDriverDB;ActiveDriverDB;ActiveDriverDB;ActiveDriverDB;ActiveDriverDB;ActiveDriverDB;ActiveDriverDB;ActiveDriverDB;ActiveDriverDB;ActiveDriverDB,0
3645,chr22:g.28734649C>G,O96017,28,V25A,25,CHEK2,1,16508,0.01,ActiveDriverDB;ActiveDriverDB;ActiveDriverDB;ActiveDriverDB;ActiveDriverDB;ActiveDriverDB;ActiveDriverDB;ActiveDriverDB;ActiveDriverDB;ActiveDriverDB,0
3646,chr22:g.28734653G>T,O96017,28,G23D,23,CHEK2,1,16508,0.01,ActiveDriverDB;ActiveDriverDB;ActiveDriverDB;ActiveDriverDB;ActiveDriverDB;ActiveDriverDB;ActiveDriverDB;ActiveDriverDB;ActiveDriverDB;ActiveDriverDB;ActiveDriverDB;ActiveDriverDB,0
3647,chr22:g.28734632G>T,O96017,33,G30D,30,CHEK2,1,16508,0.01,ActiveDriverDB;ActiveDriverDB;ActiveDriverDB;ActiveDriverDB;ActiveDriverDB;ActiveDriverDB;ActiveDriverDB;ActiveDriverDB;ActiveDriverDB;ActiveDriverDB,0
3648,chr22:g.28734597G>C,O96017,35,S42C,42,CHEK2,1,16508,0.01,ActiveDriverDB,0
3649,chr22:g.28734632G>T,O96017,35,G30S,30,CHEK2,1,16508,0.01,ActiveDriverDB;ActiveDriverDB;ActiveDriverDB;ActiveDriverDB;ActiveDriverDB;ActiveDriverDB;ActiveDriverDB;ActiveDriverDB;ActiveDriverDB;ActiveDriverDB,0
3650,chr22:g.28734597G>C,O96017,39,S42C,42,CHEK2,1,16508,0.01,ActiveDriverDB,0
3651,chr22:g.28734588G>A,O96017,39,T45M,45,CHEK2,1,16508,0.01,ActiveDriverDB;ActiveDriverDB;ActiveDriverDB;ActiveDriverDB;ActiveDriverDB;ActiveDriverDB;ActiveDriverDB;ActiveDriverDB;ActiveDriverDB;ActiveDriverDB;ActiveDriverDB;ActiveDriverDB;ActiveDriverDB,0
3652,chr22:g.28734593delGG,O96017,39,T43A,43,CHEK2,1,16508,0.01,ActiveDriverDB;ActiveDriverDB;ActiveDriverDB;ActiveDriverDB;ActiveDriverDB;ActiveDriverDB;ActiveDriverDB;ActiveDriverDB;ActiveDriverDB;ActiveDriverDB;ActiveDriverDB;ActiveDriverDB;ActiveDriverDB,0
3653,chr22:g.28734597G>C,O96017,40,S42C,42,CHEK2,1,16508,0.01,ActiveDriverDB,0
3654,chr22:g.28734588G>A,O96017,40,T45M,45,CHEK2,1,16508,0.01,ActiveDriverDB;ActiveDriverDB;ActiveDriverDB;ActiveDriverDB;ActiveDriverDB;ActiveDriverDB;ActiveDriverDB;ActiveDriverDB;ActiveDriverDB;ActiveDriverDB;ActiveDriverDB;ActiveDriverDB,0
3655,chr22:g.28734593delGG,O96017,40,T43A,43,CHEK2,1,16508,0.01,ActiveDriverDB;ActiveDriverDB;ActiveDriverDB;ActiveDriverDB;ActiveDriverDB;ActiveDriverDB;ActiveDriverDB;ActiveDriverDB;ActiveDriverDB;ActiveDriverDB;ActiveDriverDB;ActiveDriverDB,0
3656,chr22:g.28734597G>C,O96017,41,S42C,42,CHEK2,1,16508,0.01,ActiveDriverDB,0
3657,chr22:g.28734588G>A,O96017,41,T45M,45,CHEK2,1,16508,0.01,ActiveDriverDB;ActiveDriverDB;ActiveDriverDB;ActiveDriverDB;ActiveDriverDB;ActiveDriverDB;ActiveDriverDB;ActiveDriverDB;ActiveDriverDB;ActiveDriverDB;ActiveDriverDB;ActiveDriverDB;ActiveDriverDB,0
3658,chr22:g.28734593delGG,O96017,41,T43A,43,CHEK2,1,16508,0.01,ActiveDriverDB;ActiveDriverDB;ActiveDriverDB;ActiveDriverDB;ActiveDriverDB;ActiveDriverDB;ActiveDriverDB;ActiveDriverDB;ActiveDriverDB;ActiveDriverDB;ActiveDriverDB;ActiveDriverDB;ActiveDriverDB,0
3659,chr22:g.28734597G>C,O96017,42,S42C,42,CHEK2,1,16508,0.01,ActiveDriverDB,0
3660,chr22:g.28734588G>A,O96017,42,T45M,45,CHEK2,1,16508,0.01,ActiveDriverDB;ActiveDriverDB;ActiveDriverDB;ActiveDriverDB;ActiveDriverDB;ActiveDriverDB;ActiveDriverDB;ActiveDriverDB;ActiveDriverDB;ActiveDriverDB;ActiveDriverDB;ActiveDriverDB;ActiveDriverDB;ActiveDriverDB;ActiveDriverDB;ActiveDriverDB,0
3661,chr22:g.28734593delGG,O96017,42,T43A,43,CHEK2,1,16508,0.01,ActiveDriverDB;ActiveDriverDB;ActiveDriverDB;ActiveDriverDB;ActiveDriverDB;ActiveDriverDB;ActiveDriverDB;ActiveDriverDB;ActiveDriverDB;ActiveDriverDB;ActiveDriverDB;ActiveDriverDB;ActiveDriverDB;ActiveDriverDB;ActiveDriverDB;ActiveDriverDB,0
3662,chr22:g.28734597G>C,O96017,43,S42C,42,CHEK2,1,16508,0.01,ActiveDriverDB,0
3663,chr22:g.28734588G>A,O96017,43,T45M,45,CHEK2,1,16508,0.01,ActiveDriverDB;ActiveDriverDB;ActiveDriverDB;ActiveDriverDB;ActiveDriverDB;ActiveDriverDB;ActiveDriverDB;ActiveDriverDB;ActiveDriverDB;ActiveDriverDB;ActiveDriverDB;ActiveDriverDB;ActiveDriverDB;ActiveDriverDB;ActiveDriverDB;ActiveDriverDB,0
3664,chr22:g.28734593delGG,O96017,43,T43A,43,CHEK2,1,16508,0.01,ActiveDriverDB;ActiveDriverDB;ActiveDriverDB;ActiveDriverDB;ActiveDriverDB;ActiveDriverDB;ActiveDriverDB;ActiveDriverDB;ActiveDriverDB;ActiveDriverDB;ActiveDriverDB;ActiveDriverDB;ActiveDriverDB;ActiveDriverDB;ActiveDriverDB;ActiveDriverDB,0
3665,chr22:g.28734597G>C,O96017,44,S42C,42,CHEK2,1,16508,0.01,ActiveDriverDB,0
3666,chr22:g.28734569C>G,O96017,44,Q51R,51,CHEK2,1,16508,0.01,ActiveDriverDB;ActiveDriverDB;ActiveDriverDB;ActiveDriverDB;ActiveDriverDB;ActiveDriverDB;ActiveDriverDB;ActiveDriverDB;ActiveDriverDB;ActiveDriverDB;ActiveDriverDB;ActiveDriverDB;ActiveDriverDB;ActiveDriverDB;ActiveDriverDB;ActiveDriverDB;ActiveDriverDB;ActiveDriverDB,0
3667,chr22:g.28734588G>A,O96017,44,T45M,45,CHEK2,1,16508,0.01,ActiveDriverDB;ActiveDriverDB;ActiveDriverDB;ActiveDriverDB;ActiveDriverDB;ActiveDriverDB;ActiveDriverDB;ActiveDriverDB;ActiveDriverDB;ActiveDriverDB;ActiveDriverDB;ActiveDriverDB;ActiveDriverDB;ActiveDriverDB;ActiveDriverDB;ActiveDriverDB;ActiveDriverDB;ActiveDriverDB,0
3668,chr22:g.28734593delGG,O96017,44,T43A,43,CHEK2,1,16508,0.01,ActiveDriverDB;ActiveDriverDB;ActiveDriverDB;ActiveDriverDB;ActiveDriverDB;ActiveDriverDB;ActiveDriverDB;ActiveDriverDB;ActiveDriverDB;ActiveDriverDB;ActiveDriverDB;ActiveDriverDB;ActiveDriverDB;ActiveDriverDB;ActiveDriverDB;ActiveDriverDB;ActiveDriverDB;ActiveDriverDB,0
3669,chr22:g.28734597G>C,O96017,45,S42C,42,CHEK2,1,16508,0.01,ActiveDriverDB,0
3670,chr22:g.28734569C>G,O96017,45,Q51R,51,CHEK2,1,16508,0.01,ActiveDriverDB;ActiveDriverDB;ActiveDriverDB;ActiveDriverDB;ActiveDriverDB;ActiveDriverDB;ActiveDriverDB;ActiveDriverDB;ActiveDriverDB;ActiveDriverDB;ActiveDriverDB;ActiveDriverDB;ActiveDriverDB;ActiveDriverDB;ActiveDriverDB;ActiveDriverDB;ActiveDriverDB;ActiveDriverDB,0
3671,chr22:g.28734588G>A,O96017,45,T45M,45,CHEK2,1,16508,0.01,ActiveDriverDB;ActiveDriverDB;ActiveDriverDB;ActiveDriverDB;ActiveDriverDB;ActiveDriverDB;ActiveDriverDB;ActiveDriverDB;ActiveDriverDB;ActiveDriverDB;ActiveDriverDB;ActiveDriverDB;ActiveDriverDB;ActiveDriverDB;ActiveDriverDB;ActiveDriverDB;ActiveDriverDB;ActiveDriverDB,0
3672,chr22:g.28734593delGG,O96017,45,T43A,43,CHEK2,1,16508,0.01,ActiveDriverDB;ActiveDriverDB;ActiveDriverDB;ActiveDriverDB;ActiveDriverDB;ActiveDriverDB;ActiveDriverDB;ActiveDriverDB;ActiveDriverDB;ActiveDriverDB;ActiveDriverDB;ActiveDriverDB;ActiveDriverDB;ActiveDriverDB;ActiveDriverDB;ActiveDriverDB;ActiveDriverDB;ActiveDriverDB,0
3673,chr22:g.28734564G>A,O96017,50,S53F,53,CHEK2,1,16508,0.01,ActiveDriverDB,0
3674,chr22:g.28734569C>G,O96017,50,Q51R,51,CHEK2,1,16508,0.01,ActiveDriverDB;ActiveDriverDB;ActiveDriverDB;ActiveDriverDB;ActiveDriverDB;ActiveDriverDB;ActiveDriverDB;ActiveDriverDB;ActiveDriverDB;ActiveDriverDB;ActiveDriverDB;ActiveDriverDB;ActiveDriverDB;ActiveDriverDB;ActiveDriverDB;ActiveDriverDB;ActiveDriverDB,0
3675,chr22:g.28734588G>A,O96017,50,T45M,45,CHEK2,1,16508,0.01,ActiveDriverDB;ActiveDriverDB;ActiveDriverDB;ActiveDriverDB;ActiveDriverDB;ActiveDriverDB;ActiveDriverDB;ActiveDriverDB;ActiveDriverDB;ActiveDriverDB;ActiveDriverDB;ActiveDriverDB;ActiveDriverDB;ActiveDriverDB;ActiveDriverDB;ActiveDriverDB;ActiveDriverDB,0
3676,chr22:g.28734593delGG,O96017,50,T43A,43,CHEK2,1,16508,0.01,ActiveDriverDB;ActiveDriverDB;ActiveDriverDB;ActiveDriverDB;ActiveDriverDB;ActiveDriverDB;ActiveDriverDB;ActiveDriverDB;ActiveDriverDB;ActiveDriverDB;ActiveDriverDB;ActiveDriverDB;ActiveDriverDB;ActiveDriverDB;ActiveDriverDB;ActiveDriverDB;ActiveDriverDB,0
3677,chr22:g.28734554G>C,O96017,50,S56G,56,CHEK2,1,16508,0.01,ActiveDriverDB;ActiveDriverDB;ActiveDriverDB;ActiveDriverDB;ActiveDriverDB;ActiveDriverDB,0
3678,chr22:g.28734564G>A,O96017,52,S53F,53,CHEK2,1,16508,0.01,ActiveDriverDB,0
3679,chr22:g.28734569C>G,O96017,52,Q51R,51,CHEK2,1,16508,0.01,ActiveDriverDB;ActiveDriverDB;ActiveDriverDB;ActiveDriverDB;ActiveDriverDB;ActiveDriverDB;ActiveDriverDB;ActiveDriverDB;ActiveDriverDB;ActiveDriverDB;ActiveDriverDB;ActiveDriverDB;ActiveDriverDB;ActiveDriverDB;ActiveDriverDB;ActiveDriverDB;ActiveDriverDB,0
3680,chr22:g.28734588G>A,O96017,52,T45M,45,CHEK2,1,16508,0.01,ActiveDriverDB;ActiveDriverDB;ActiveDriverDB;ActiveDriverDB;ActiveDriverDB;ActiveDriverDB;ActiveDriverDB;ActiveDriverDB;ActiveDriverDB;ActiveDriverDB;ActiveDriverDB;ActiveDriverDB;ActiveDriverDB;ActiveDriverDB;ActiveDriverDB;ActiveDriverDB;ActiveDriverDB,0
3681,chr22:g.28734554G>C,O96017,52,S56G,56,CHEK2,1,16508,0.01,ActiveDriverDB;ActiveDriverDB;ActiveDriverDB;ActiveDriverDB;ActiveDriverDB;ActiveDriverDB,0
3682,chr22:g.28734564G>A,O96017,55,S53F,53,CHEK2,1,16508,0.01,ActiveDriverDB,0
3683,chr22:g.28734569C>G,O96017,55,Q51R,51,CHEK2,1,16508,0.01,ActiveDriverDB;ActiveDriverDB;ActiveDriverDB;ActiveDriverDB;ActiveDriverDB;ActiveDriverDB;ActiveDriverDB;ActiveDriverDB;ActiveDriverDB;ActiveDriverDB;ActiveDriverDB;ActiveDriverDB;ActiveDriverDB;ActiveDriverDB;ActiveDriverDB;ActiveDriverDB;ActiveDriverDB,0
3684,chr22:g.28734537G>T,O96017,55,S62F,62,CHEK2,1,16508,0.01,ActiveDriverDB;ActiveDriverDB;ActiveDriverDB;ActiveDriverDB;ActiveDriverDB;ActiveDriverDB;ActiveDriverDB,0
3685,chr22:g.28734554G>C,O96017,55,S56G,56,CHEK2,1,16508,0.01,ActiveDriverDB;ActiveDriverDB;ActiveDriverDB;ActiveDriverDB;ActiveDriverDB;ActiveDriverDB;ActiveDriverDB,0
3686,chr22:g.28734530C>T,O96017,59,E64K,64,CHEK2,1,16508,0.01,PhosphoSitePlus,0
3687,chr22:g.28734517G>A,O96017,62,Q69L,69,CHEK2,1,16508,0.01,ActiveDriverDB;ActiveDriverDB;ActiveDriverDB;ActiveDriverDB;ActiveDriverDB;ActiveDriverDB;ActiveDriverDB;ActiveDriverDB;ActiveDriverDB;ActiveDriverDB;ActiveDriverDB;ActiveDriverDB;ActiveDriverDB;ActiveDriverDB;ActiveDriverDB;ActiveDriverDB;ActiveDriverDB;ActiveDriverDB;ActiveDriverDB;ActiveDriverDB,0
3688,chr22:g.28734530C>T,O96017,62,E64G,64,CHEK2,1,16508,0.01,ActiveDriverDB;ActiveDriverDB;ActiveDriverDB;ActiveDriverDB;ActiveDriverDB;ActiveDriverDB;ActiveDriverDB;ActiveDriverDB;ActiveDriverDB;ActiveDriverDB;ActiveDriverDB;ActiveDriverDB;ActiveDriverDB;ActiveDriverDB;ActiveDriverDB;ActiveDriverDB;ActiveDriverDB;ActiveDriverDB;ActiveDriverDB;ActiveDriverDB,0
3689,chr22:g.28734537G>T,O96017,62,S62F,62,CHEK2,1,16508,0.01,ActiveDriverDB;ActiveDriverDB;ActiveDriverDB;ActiveDriverDB;ActiveDriverDB;ActiveDriverDB;ActiveDriverDB,0
3690,chr22:g.28734554G>C,O96017,62,S56G,56,CHEK2,1,16508,0.01,ActiveDriverDB;ActiveDriverDB;ActiveDriverDB;ActiveDriverDB;ActiveDriverDB;ActiveDriverDB;ActiveDriverDB,0
3691,chr22:g.28734513T>C,O96017,65,E70G,70,CHEK2,1,16508,0.01,ActiveDriverDB,0
3692,chr22:g.28734517G>A,O96017,65,Q69L,69,CHEK2,1,16508,0.01,ActiveDriverDB;ActiveDriverDB;ActiveDriverDB;ActiveDriverDB;ActiveDriverDB;ActiveDriverDB;ActiveDriverDB;ActiveDriverDB;ActiveDriverDB;ActiveDriverDB;ActiveDriverDB;ActiveDriverDB;ActiveDriverDB;ActiveDriverDB;ActiveDriverDB;ActiveDriverDB;ActiveDriverDB;ActiveDriverDB;ActiveDriverDB;ActiveDriverDB;ActiveDriverDB,0
3693,chr22:g.28734530C>T,O96017,65,E64G,64,CHEK2,1,16508,0.01,ActiveDriverDB;ActiveDriverDB;ActiveDriverDB;ActiveDriverDB;ActiveDriverDB;ActiveDriverDB;ActiveDriverDB;ActiveDriverDB;ActiveDriverDB;ActiveDriverDB;ActiveDriverDB;ActiveDriverDB;ActiveDriverDB;ActiveDriverDB;ActiveDriverDB;ActiveDriverDB;ActiveDriverDB;ActiveDriverDB;ActiveDriverDB;ActiveDriverDB;ActiveDriverDB,0
3694,chr22:g.28734537G>T,O96017,65,S62F,62,CHEK2,1,16508,0.01,ActiveDriverDB;ActiveDriverDB;ActiveDriverDB;ActiveDriverDB;ActiveDriverDB,0
3695,chr22:g.28734513T>C,O96017,67,E70G,70,CHEK2,1,16508,0.01,ActiveDriverDB,0
3696,chr22:g.28734517G>A,O96017,67,Q69L,69,CHEK2,1,16508,0.01,ActiveDriverDB;ActiveDriverDB;ActiveDriverDB;ActiveDriverDB;ActiveDriverDB;ActiveDriverDB;ActiveDriverDB;ActiveDriverDB;ActiveDriverDB;ActiveDriverDB;ActiveDriverDB;ActiveDriverDB;ActiveDriverDB;ActiveDriverDB;ActiveDriverDB;ActiveDriverDB;ActiveDriverDB;ActiveDriverDB,0
3697,chr22:g.28734530C>T,O96017,67,E64G,64,CHEK2,1,16508,0.01,ActiveDriverDB;ActiveDriverDB;ActiveDriverDB;ActiveDriverDB;ActiveDriverDB;ActiveDriverDB;ActiveDriverDB;ActiveDriverDB;ActiveDriverDB;ActiveDriverDB;ActiveDriverDB;ActiveDriverDB;ActiveDriverDB;ActiveDriverDB;ActiveDriverDB;ActiveDriverDB;ActiveDriverDB;ActiveDriverDB,0
3698,chr22:g.28734537G>T,O96017,67,S62F,62,CHEK2,1,16508,0.01,ActiveDriverDB;ActiveDriverDB;ActiveDriverDB;ActiveDriverDB;ActiveDriverDB;ActiveDriverDB,0
3699,chr22:g.28734513T>C,O96017,68,E70G,70,CHEK2,1,16508,0.01,ActiveDriverDB,0
3700,chr22:g.28734517G>A,O96017,68,Q69L,69,CHEK2,1,16508,0.01,ActiveDriverDB;ActiveDriverDB;ActiveDriverDB;ActiveDriverDB;ActiveDriverDB;ActiveDriverDB;ActiveDriverDB;ActiveDriverDB;ActiveDriverDB;ActiveDriverDB;ActiveDriverDB;ActiveDriverDB;ActiveDriverDB;ActiveDriverDB;ActiveDriverDB;ActiveDriverDB;ActiveDriverDB,0
3701,chr22:g.28734530C>T,O96017,68,E64G,64,CHEK2,1,16508,0.01,ActiveDriverDB;ActiveDriverDB;ActiveDriverDB;ActiveDriverDB;ActiveDriverDB;ActiveDriverDB;ActiveDriverDB;ActiveDriverDB;ActiveDriverDB;ActiveDriverDB;ActiveDriverDB;ActiveDriverDB;ActiveDriverDB;ActiveDriverDB;ActiveDriverDB;ActiveDriverDB;ActiveDriverDB,0
3702,chr22:g.28734537G>T,O96017,68,S62F,62,CHEK2,1,16508,0.01,ActiveDriverDB;ActiveDriverDB;ActiveDriverDB;ActiveDriverDB,0
3975,chr17:g.50198469C>G,P02452,171,E169D,169,COL1A1,1,16508,0.01,ActiveDriverDB,0
3976,chr17:g.50198464G>A,P02452,171,S171L,171,COL1A1,1,16508,0.01,Biomuta,0
3977,chr17:g.50198469C>G,P02452,172,E169D,169,COL1A1,1,16508,0.01,ActiveDriverDB,0
3978,chr17:g.50198469C>G,P02452,176,E169D,169,COL1A1,1,16508,0.01,ActiveDriverDB,0
3979,chr17:g.50197022C>T,P02452,271,M264I,264,COL1A1,1,16508,0.01,ActiveDriverDB,0
3980,chr17:g.50196527C>T,P02452,291,G287S,287,COL1A1,1,16508,0.01,PhosphoSitePlus;PhosphoSitePlus;PhosphoSitePlus;ActiveDriverDB;ActiveDriverDB,0
3981,chr17:g.50196623A>T,P02452,291,G284A,284,COL1A1,1,16508,0.01,PhosphoSitePlus;PhosphoSitePlus;PhosphoSitePlus;ActiveDriverDB;ActiveDriverDB,0
3982,chr17:g.50194437C>T,P02452,513,G509V,509,COL1A1,1,16508,0.01,PhosphoSitePlus;ActiveDriverDB,0
3983,chr17:g.50194425G>A,P02452,513,S513F,513,COL1A1,1,16508,0.01,ActiveDriverDB,0
3984,chr17:g.50194396G>A,P02452,522,P523S,523,COL1A1,1,16508,0.01,ActiveDriverDB,0
3985,chr17:g.50189876C>T,P02452,867,G866S,866,COL1A1,1,16508,0.01,PhosphoSitePlus;PhosphoSitePlus,0
3986,chr17:g.50188780C>T,P02452,1023,E1021Q,1021,COL1A1,1,16508,0.01,PhosphoSitePlus;PhosphoSitePlus;PhosphoSitePlus;ActiveDriverDB;ActiveDriverDB,0
3987,chr17:g.50188794C>T,P02452,1023,G1016E,1016,COL1A1,1,16508,0.01,ActiveDriverDB;ActiveDriverDB,0
3988,chr17:g.50187515G>C,P02452,1125,P1131R,1131,COL1A1,1,16508,0.01,ActiveDriverDB,0
3989,chr17:g.50187535G>T,P02452,1125,G1124C,1124,COL1A1,1,16508,0.01,PhosphoSitePlus;ActiveDriverDB,0
3990,chr17:g.50187892C>T,P02452,1125,G1118D,1118,COL1A1,1,16508,0.01,ActiveDriverDB;ActiveDriverDB,0
3991,chr17:g.50187527C>G,P02452,1125,G1127A,1127,COL1A1,1,16508,0.01,ActiveDriverDB;ActiveDriverDB,0
3992,chr17:g.50186875G>A,P02452,1199,S1193N,1193,COL1A1,1,16508,0.01,PhosphoSitePlus;ActiveDriverDB,0
3993,chr17:g.50186865C>T,P02452,1199,D1197E,1197,COL1A1,2,16508,0.01,ActiveDriverDB,0
3994,chr17:g.50186717C>T,P02452,1247,R1246Q,1246,COL1A1,1,16508,0.01,ActiveDriverDB,0
3998,chr2:g.188985747G>A,P02461,143,G139E,139,COL3A1,2,16508,0.01,ActiveDriverDB,0
4116,chr1:g.156138540G>A,P02545,590,R584C,584,LMNA,1,16508,0.01,ActiveDriverDB;ActiveDriverDB;ActiveDriverDB;ActiveDriverDB,0
4117,chr1:g.156138537C>T,P02545,590,S583L,583,LMNA,2,16508,0.01,ActiveDriverDB;ActiveDriverDB;ActiveDriverDB;ActiveDriverDB,0
4118,chr1:g.156138562C>T,P02545,590,C591S,591,LMNA,1,16508,0.01,ActiveDriverDB,0
4119,chr1:g.156138602G>A,P02545,599,A605T,605,LMNA,1,16508,0.01,ActiveDriverDB,0
4120,chr1:g.156138602G>A,P02545,601,A605T,605,LMNA,1,16508,0.01,ActiveDriverDB,0
4121,chr1:g.156138602G>A,P02545,603,A605T,605,LMNA,1,16508,0.01,ActiveDriverDB,0
4122,chr1:g.156138651C>T,P02545,615,T621M,621,LMNA,1,16508,0.01,ActiveDriverDB,0
4123,chr1:g.156138651C>T,P02545,616,T621M,621,LMNA,1,16508,0.01,ActiveDriverDB,0
4124,chr1:g.156138660G>A,P02545,618,R624C,624,LMNA,1,16508,0.01,ActiveDriverDB;ActiveDriverDB;ActiveDriverDB;ActiveDriverDB,0
4125,chr1:g.156138651C>T,P02545,618,T621M,621,LMNA,1,16508,0.01,ActiveDriverDB;ActiveDriverDB;ActiveDriverDB;ActiveDriverDB,0
4126,chr1:g.156138660G>A,P02545,619,R624C,624,LMNA,1,16508,0.01,ActiveDriverDB;ActiveDriverDB;ActiveDriverDB;ActiveDriverDB,0
4127,chr1:g.156138651C>T,P02545,619,T621M,621,LMNA,1,16508,0.01,ActiveDriverDB;ActiveDriverDB;ActiveDriverDB;ActiveDriverDB,0
4128,chr1:g.156138660G>A,P02545,621,R624C,624,LMNA,1,16508,0.01,ActiveDriverDB;ActiveDriverDB;ActiveDriverDB;ActiveDriverDB;ActiveDriverDB;ActiveDriverDB,0
4129,chr1:g.156138651C>T,P02545,621,T621M,621,LMNA,1,16508,0.01,ActiveDriverDB;ActiveDriverDB;ActiveDriverDB;ActiveDriverDB;ActiveDriverDB;ActiveDriverDB,0
4130,chr1:g.156138660G>A,P02545,623,R624C,624,LMNA,1,16508,0.01,ActiveDriverDB;ActiveDriverDB;ActiveDriverDB;ActiveDriverDB;ActiveDriverDB;ActiveDriverDB,0
4131,chr1:g.156138651C>T,P02545,623,T621M,621,LMNA,1,16508,0.01,ActiveDriverDB;ActiveDriverDB;ActiveDriverDB;ActiveDriverDB;ActiveDriverDB;ActiveDriverDB,0
4132,chr1:g.156138660G>A,P02545,625,R624C,624,LMNA,1,16508,0.01,ActiveDriverDB;ActiveDriverDB;ActiveDriverDB;ActiveDriverDB;ActiveDriverDB;ActiveDriverDB;ActiveDriverDB;ActiveDriverDB,0
4133,chr1:g.156138651C>T,P02545,625,T621M,621,LMNA,1,16508,0.01,ActiveDriverDB;ActiveDriverDB;ActiveDriverDB;ActiveDriverDB;ActiveDriverDB;ActiveDriverDB;ActiveDriverDB;ActiveDriverDB,0
4134,chr1:g.156138686delG,P02545,628,G634D,634,LMNA,1,16508,0.01,ActiveDriverDB;ActiveDriverDB,0
4135,chr1:g.156138660G>A,P02545,628,R624C,624,LMNA,1,16508,0.01,ActiveDriverDB;ActiveDriverDB;ActiveDriverDB;ActiveDriverDB;ActiveDriverDB;ActiveDriverDB;ActiveDriverDB;ActiveDriverDB;ActiveDriverDB,0
4136,chr1:g.156138651C>T,P02545,628,T621M,621,LMNA,1,16508,0.01,ActiveDriverDB;ActiveDriverDB;ActiveDriverDB;ActiveDriverDB;ActiveDriverDB;ActiveDriverDB;ActiveDriverDB;ActiveDriverDB;ActiveDriverDB,0
4137,chr1:g.156138686delG,P02545,632,G634D,634,LMNA,1,16508,0.01,ActiveDriverDB;ActiveDriverDB,0
4138,chr1:g.156138686delG,P02545,636,G634D,634,LMNA,1,16508,0.01,ActiveDriverDB;ActiveDriverDB;ActiveDriverDB,0
4139,chr1:g.156138712G>T,P02545,636,L641R,641,LMNA,1,16508,0.01,ActiveDriverDB;ActiveDriverDB;ActiveDriverDB,0
4981,chr12:g.57470358G>A,P08151,544,E540K,540,GLI1,1,16508,0.01,ActiveDriverDB,0
5979,chr19:g.44759437C>T,P20749,402,S396F,396,BCL3,1,16508,0.01,ActiveDriverDB,0
5980,chr19:g.44759469C>A,P20749,402,P407T,407,BCL3,1,16508,0.01,ActiveDriverDB,0
5981,chr19:g.44759469C>A,P20749,406,P407T,407,BCL3,1,16508,0.01,ActiveDriverDB,0
6466,chr7:g.26196570C>G,P22626,198,R200S,200,HNRNPA2B1,1,16508,0.01,ActiveDriverDB,0
6467,chr7:g.26196596C>T,P22626,198,E192K,192,HNRNPA2B1,1,16508,0.01,ActiveDriverDB,0
6468,chr7:g.26196570C>G,P22626,201,R200S,200,HNRNPA2B1,1,16508,0.01,ActiveDriverDB,0
6469,chr7:g.26196445C>A,P22626,212,G217V,217,HNRNPA2B1,1,16508,0.01,ActiveDriverDB,0
6470,chr7:g.26195892G>A,P22626,231,R238S,238,HNRNPA2B1,2,16508,0.01,ActiveDriverDB,0
6471,chr7:g.26195906C>G,P22626,231,G233A,233,HNRNPA2B1,1,16508,0.01,ActiveDriverDB,0
6472,chr7:g.26195892G>A,P22626,236,R238S,238,HNRNPA2B1,2,16508,0.01,ActiveDriverDB,0
6473,chr7:g.26195889C>T,P22626,236,G239R,239,HNRNPA2B1,1,16508,0.01,ActiveDriverDB,0
6474,chr7:g.26195906C>G,P22626,236,G233A,233,HNRNPA2B1,1,16508,0.01,ActiveDriverDB,0
6475,chr7:g.26195892G>A,P22626,244,R238S,238,HNRNPA2B1,2,16508,0.01,ActiveDriverDB,0
6476,chr7:g.26195889C>T,P22626,244,G239R,239,HNRNPA2B1,1,16508,0.01,ActiveDriverDB,0
6477,chr7:g.26195873T>C,P22626,244,Y244C,244,HNRNPA2B1,1,16508,0.01,ActiveDriverDB,0
6478,chr7:g.26195873T>C,P22626,247,Y244C,244,HNRNPA2B1,1,16508,0.01,ActiveDriverDB,0
6479,chr7:g.26193671C>T,P22626,259,G261S,261,HNRNPA2B1,1,16508,0.01,ActiveDriverDB,0
6480,chr7:g.26193689T>A,P22626,259,N255Y,255,HNRNPA2B1,1,16508,0.01,ActiveDriverDB,0
6481,chr7:g.26193659C>T,P22626,259,G265R,265,HNRNPA2B1,1,16508,0.01,ActiveDriverDB,0
6482,chr7:g.26193677T>A,P22626,259,S259C,259,HNRNPA2B1,1,16508,0.01,ActiveDriverDB,0
6483,chr7:g.26193671C>T,P22626,262,G261S,261,HNRNPA2B1,1,16508,0.01,ActiveDriverDB,0
6484,chr7:g.26193689T>A,P22626,262,N255Y,255,HNRNPA2B1,1,16508,0.01,ActiveDriverDB,0
6485,chr7:g.26193659C>T,P22626,262,G265R,265,HNRNPA2B1,1,16508,0.01,ActiveDriverDB,0
6486,chr7:g.26193677T>A,P22626,262,S259C,259,HNRNPA2B1,1,16508,0.01,ActiveDriverDB,0
6487,chr7:g.26193583T>C,P22626,290,Y290C,290,HNRNPA2B1,2,16508,0.01,ActiveDriverDB,0
6488,chr7:g.26193583T>C,P22626,295,Y290C,290,HNRNPA2B1,2,16508,0.01,ActiveDriverDB,0
6489,chr7:g.26193347C>G,P22626,297,D302V,302,HNRNPA2B1,1,16508,0.01,PhosphoSitePlus,0
6490,chr7:g.26193347C>G,P22626,300,D302V,302,HNRNPA2B1,1,16508,0.01,PhosphoSitePlus,0
6491,chr7:g.26193347C>G,P22626,306,D302V,302,HNRNPA2B1,1,16508,0.01,PhosphoSitePlus,0
6492,chr7:g.26193259T>C,P22626,324,Y331C,331,HNRNPA2B1,1,16508,0.01,ActiveDriverDB,0
6493,chr7:g.26193269C>A,P22626,324,G328W,328,HNRNPA2B1,1,16508,0.01,ActiveDriverDB,0
6494,chr7:g.26193259T>C,P22626,331,Y331C,331,HNRNPA2B1,1,16508,0.01,Biomuta,0
6495,chr7:g.26192571T>C,P22626,331,Y336C,336,HNRNPA2B1,1,16508,0.01,ActiveDriverDB;ActiveDriverDB,0
6496,chr7:g.26193257C>A,P22626,331,G332C,332,HNRNPA2B1,1,16508,0.01,ActiveDriverDB;ActiveDriverDB,0
6497,chr7:g.26193269C>A,P22626,331,G328W,328,HNRNPA2B1,1,16508,0.01,ActiveDriverDB,0
6498,chr7:g.26193259T>C,P22626,336,Y331C,331,HNRNPA2B1,1,16508,0.01,ActiveDriverDB,0
6499,chr7:g.26192571T>C,P22626,336,Y336C,336,HNRNPA2B1,1,16508,0.01,ActiveDriverDB;ActiveDriverDB,0
6500,chr7:g.26193257C>A,P22626,336,G332C,332,HNRNPA2B1,1,16508,0.01,ActiveDriverDB;ActiveDriverDB,0
6501,chr7:g.26192554C>T,P22626,336,G342E,342,HNRNPA2B1,2,16508,0.01,ActiveDriverDB;ActiveDriverDB,0
6502,chr7:g.26192571T>C,P22626,341,Y336C,336,HNRNPA2B1,1,16508,0.01,ActiveDriverDB,0
6503,chr7:g.26192554C>T,P22626,341,G342E,342,HNRNPA2B1,2,16508,0.01,ActiveDriverDB;ActiveDriverDB,0
6551,chr1:g.35191510G>C,P23246,283,S283C,283,SFPQ,1,16508,0.01,ActiveDriverDB,0
6563,chr1:g.35184502C>A,P23246,687,R693I,693,SFPQ,1,16508,0.01,ActiveDriverDB,0
6564,chr1:g.35184502C>A,P23246,691,R693I,693,SFPQ,1,16508,0.01,ActiveDriverDB,0
6565,chr1:g.35184502C>A,P23246,698,R693I,693,SFPQ,1,16508,0.01,ActiveDriverDB,0
6587,chr3:g.128486069G>A,P23769,176,P177S,177,GATA2,1,16508,0.01,ActiveDriverDB,0
6588,chr3:g.128486065G>T,P23769,176,P178S,178,GATA2,1,16508,0.01,ActiveDriverDB;ActiveDriverDB;ActiveDriverDB;ActiveDriverDB;ActiveDriverDB;ActiveDriverDB;ActiveDriverDB;ActiveDriverDB;ActiveDriverDB,0
6589,chr3:g.128486069G>A,P23769,182,P177S,177,GATA2,1,16508,0.01,ActiveDriverDB,0
6590,chr3:g.128486065G>T,P23769,182,P178S,178,GATA2,1,16508,0.01,ActiveDriverDB;ActiveDriverDB;ActiveDriverDB;ActiveDriverDB;ActiveDriverDB;ActiveDriverDB;ActiveDriverDB;ActiveDriverDB;ActiveDriverDB,0
6591,chr3:g.128486026G>A,P23769,186,A191T,191,GATA2,1,16508,0.01,ActiveDriverDB;ActiveDriverDB;ActiveDriverDB;ActiveDriverDB;ActiveDriverDB;ActiveDriverDB;ActiveDriverDB;ActiveDriverDB;ActiveDriverDB;ActiveDriverDB;ActiveDriverDB,0
6592,chr3:g.128486026G>A,P23769,192,A191T,191,GATA2,1,16508,0.01,ActiveDriverDB;ActiveDriverDB;ActiveDriverDB;ActiveDriverDB;ActiveDriverDB;ActiveDriverDB;ActiveDriverDB;ActiveDriverDB;ActiveDriverDB;ActiveDriverDB,0
6593,chr3:g.128485973C>G,P23769,213,D209H,209,GATA2,1,16508,0.01,ActiveDriverDB,0
6594,chr3:g.128485967C>T,P23769,213,V211I,211,GATA2,2,16508,0.01,ActiveDriverDB,0
6595,chr3:g.128485960T>A,P23769,213,Y213F,213,GATA2,1,16508,0.01,ActiveDriverDB,0
6596,chr3:g.128485973C>G,P23769,216,D209H,209,GATA2,1,16508,0.01,ActiveDriverDB,0
6597,chr3:g.128485967C>T,P23769,216,V211I,211,GATA2,2,16508,0.01,ActiveDriverDB,0
6598,chr3:g.128485960T>A,P23769,216,Y213F,213,GATA2,1,16508,0.01,ActiveDriverDB,0
6599,chr3:g.128485960T>A,P23769,220,Y213F,213,GATA2,1,16508,0.01,ActiveDriverDB,0
7138,chr5:g.112843933G>C,P25054,2782,R2780T,2780,APC,2,16508,0.01,ActiveDriverDB,0
7139,chr5:g.112843918G>T,P25054,2782,G2775A,2775,APC,1,16508,0.01,ActiveDriverDB;ActiveDriverDB;ActiveDriverDB;ActiveDriverDB;ActiveDriverDB,0
7140,chr5:g.112843930C>T,P25054,2782,A2779T,2779,APC,1,16508,0.01,ActiveDriverDB;ActiveDriverDB;ActiveDriverDB;ActiveDriverDB;ActiveDriverDB;ActiveDriverDB;ActiveDriverDB;ActiveDriverDB;ActiveDriverDB,0
7141,chr5:g.112843961C>T,P25054,2782,S2789G,2789,APC,1,16508,0.01,ActiveDriverDB;ActiveDriverDB;ActiveDriverDB;ActiveDriverDB;ActiveDriverDB;ActiveDriverDB;ActiveDriverDB;ActiveDriverDB;ActiveDriverDB,0
7142,chr5:g.112843942C>T,P25054,2782,P2783L,2783,APC,1,16508,0.01,ActiveDriverDB,0
7143,chr5:g.112843975G>T,P25054,2789,S2794G,2794,APC,1,16508,0.01,ActiveDriverDB;ActiveDriverDB;ActiveDriverDB;ActiveDriverDB,0
7144,chr5:g.112843979A>G,P25054,2789,A2795G,2795,APC,1,16508,0.01,ActiveDriverDB;ActiveDriverDB;ActiveDriverDB;ActiveDriverDB;ActiveDriverDB;ActiveDriverDB;ActiveDriverDB;ActiveDriverDB;ActiveDriverDB;ActiveDriverDB;ActiveDriverDB,0
7145,chr5:g.112843961C>T,P25054,2789,S2789G,2789,APC,1,16508,0.01,ActiveDriverDB;ActiveDriverDB;ActiveDriverDB;ActiveDriverDB;ActiveDriverDB;ActiveDriverDB;ActiveDriverDB;ActiveDriverDB;ActiveDriverDB;ActiveDriverDB;ActiveDriverDB,0
7146,chr5:g.112843942C>T,P25054,2789,P2783L,2783,APC,1,16508,0.01,ActiveDriverDB,0
7147,chr5:g.112843975G>T,P25054,2793,S2794G,2794,APC,1,16508,0.01,ActiveDriverDB;ActiveDriverDB;ActiveDriverDB;ActiveDriverDB,0
7148,chr5:g.112843979A>G,P25054,2793,A2795G,2795,APC,1,16508,0.01,ActiveDriverDB;ActiveDriverDB;ActiveDriverDB;ActiveDriverDB;ActiveDriverDB;ActiveDriverDB;ActiveDriverDB;ActiveDriverDB;ActiveDriverDB;ActiveDriverDB;ActiveDriverDB;ActiveDriverDB;ActiveDriverDB;ActiveDriverDB;ActiveDriverDB;ActiveDriverDB,0
7149,chr5:g.112843961C>T,P25054,2793,S2789G,2789,APC,1,16508,0.01,ActiveDriverDB;ActiveDriverDB;ActiveDriverDB;ActiveDriverDB;ActiveDriverDB;ActiveDriverDB;ActiveDriverDB;ActiveDriverDB;ActiveDriverDB;ActiveDriverDB;ActiveDriverDB;ActiveDriverDB;ActiveDriverDB;ActiveDriverDB;ActiveDriverDB;ActiveDriverDB,0
7150,chr5:g.112843975G>T,P25054,2794,S2794G,2794,APC,1,16508,0.01,ActiveDriverDB;ActiveDriverDB;ActiveDriverDB,0
7151,chr5:g.112843979A>G,P25054,2794,A2795G,2795,APC,1,16508,0.01,ActiveDriverDB;ActiveDriverDB;ActiveDriverDB;ActiveDriverDB;ActiveDriverDB;ActiveDriverDB;ActiveDriverDB;ActiveDriverDB;ActiveDriverDB;ActiveDriverDB;ActiveDriverDB;ActiveDriverDB;ActiveDriverDB;ActiveDriverDB;ActiveDriverDB;ActiveDriverDB;ActiveDriverDB,0
7152,chr5:g.112843961C>T,P25054,2794,S2789G,2789,APC,1,16508,0.01,ActiveDriverDB;ActiveDriverDB;ActiveDriverDB;ActiveDriverDB;ActiveDriverDB;ActiveDriverDB;ActiveDriverDB;ActiveDriverDB;ActiveDriverDB;ActiveDriverDB;ActiveDriverDB;ActiveDriverDB;ActiveDriverDB;ActiveDriverDB;ActiveDriverDB;ActiveDriverDB;ActiveDriverDB,0
7153,chr5:g.112843995C>T,P25054,2794,R2801W,2801,APC,1,16508,0.01,ActiveDriverDB;ActiveDriverDB;ActiveDriverDB;ActiveDriverDB;ActiveDriverDB;ActiveDriverDB;ActiveDriverDB;ActiveDriverDB;ActiveDriverDB;ActiveDriverDB;ActiveDriverDB;ActiveDriverDB;ActiveDriverDB;ActiveDriverDB;ActiveDriverDB;ActiveDriverDB;ActiveDriverDB,0
7154,chr5:g.112843975G>T,P25054,2799,S2794G,2794,APC,1,16508,0.01,ActiveDriverDB;ActiveDriverDB;ActiveDriverDB,0
7155,chr5:g.112844005A>C,P25054,2799,Q2804E,2804,APC,1,16508,0.01,ActiveDriverDB;ActiveDriverDB;ActiveDriverDB,0
7156,chr5:g.112843979A>G,P25054,2799,A2795G,2795,APC,1,16508,0.01,ActiveDriverDB;ActiveDriverDB;ActiveDriverDB;ActiveDriverDB;ActiveDriverDB;ActiveDriverDB;ActiveDriverDB;ActiveDriverDB;ActiveDriverDB;ActiveDriverDB;ActiveDriverDB;ActiveDriverDB;ActiveDriverDB;ActiveDriverDB;ActiveDriverDB,0
7157,chr5:g.112843995C>T,P25054,2799,R2801W,2801,APC,1,16508,0.01,ActiveDriverDB;ActiveDriverDB;ActiveDriverDB;ActiveDriverDB;ActiveDriverDB;ActiveDriverDB;ActiveDriverDB;ActiveDriverDB;ActiveDriverDB;ActiveDriverDB;ActiveDriverDB;ActiveDriverDB;ActiveDriverDB;ActiveDriverDB;ActiveDriverDB,0
7158,chr5:g.112844005A>C,P25054,2807,Q2804E,2804,APC,1,16508,0.01,ActiveDriverDB;ActiveDriverDB;ActiveDriverDB;ActiveDriverDB;ActiveDriverDB;ActiveDriverDB,0
7159,chr5:g.112843995C>T,P25054,2807,R2801W,2801,APC,1,16508,0.01,ActiveDriverDB;ActiveDriverDB;ActiveDriverDB;ActiveDriverDB;ActiveDriverDB;ActiveDriverDB;ActiveDriverDB;ActiveDriverDB;ActiveDriverDB;ActiveDriverDB;ActiveDriverDB;ActiveDriverDB;ActiveDriverDB;ActiveDriverDB;ActiveDriverDB;ActiveDriverDB;ActiveDriverDB,0
7862,chr16:g.31182610G>C,P35637,42,D46H,46,FUS,2,16508,0.01,ActiveDriverDB,0
7863,chr16:g.31182623A>G,P35637,54,Y50C,50,FUS,1,16508,0.01,ActiveDriverDB,0
7864,chr16:g.31183990G>A,P35637,112,S108N,108,FUS,1,16508,0.01,ActiveDriverDB,0
7865,chr16:g.31184280A>G,P35637,131,Y136C,136,FUS,1,16508,0.01,ActiveDriverDB,0
7866,chr16:g.31184280A>G,P35637,142,Y136C,136,FUS,1,16508,0.01,ActiveDriverDB,0
7867,chr16:g.31185055G>A,P35637,221,G214R,214,FUS,1,16508,0.01,ActiveDriverDB,0
7868,chr16:g.31186803G>A,P35637,257,G256R,256,FUS,1,16508,0.01,ActiveDriverDB,0
7869,chr16:g.31188357G>A,P35637,277,E278K,278,FUS,2,16508,0.01,ActiveDriverDB,0
7870,chr16:g.31189138delACA,P35637,286,T286I,286,FUS,1,16508,0.01,Biomuta,0
7871,chr16:g.31190285C>T,P35637,397,R394L,394,FUS,1,16508,0.01,ActiveDriverDB;ActiveDriverDB;ActiveDriverDB,0
7872,chr16:g.31190981A>G,P35637,468,R472C,472,FUS,1,16508,0.01,ActiveDriverDB;ActiveDriverDB,0
7873,chr16:g.31190984G>A,P35637,468,R473H,473,FUS,1,16508,0.01,ActiveDriverDB,0
7897,chr9:g.131146206C>A,P35658,610,S616Y,616,NUP214,1,16508,0.01,ActiveDriverDB,0
7898,chr9:g.131146206C>A,P35658,613,S616Y,616,NUP214,1,16508,0.01,ActiveDriverDB,0
7899,chr9:g.131146206C>A,P35658,621,S616Y,616,NUP214,1,16508,0.01,ActiveDriverDB,0
7900,chr9:g.131146268G>A,P35658,631,V637M,637,NUP214,1,16508,0.01,ActiveDriverDB,0
7901,chr9:g.131146268G>A,P35658,636,V637M,637,NUP214,1,16508,0.01,ActiveDriverDB,0
7929,chr9:g.131189125G>A,P35658,1185,A1190T,1190,NUP214,1,16508,0.01,ActiveDriverDB,0
7930,chr9:g.131189125G>A,P35658,1186,A1190T,1190,NUP214,1,16508,0.01,ActiveDriverDB,0
7931,chr9:g.131192289C>T,P35658,1217,S1219L,1219,NUP214,1,16508,0.01,ActiveDriverDB,0
7932,chr9:g.131197315C>T,P35658,1272,P1274L,1274,NUP214,1,16508,0.01,ActiveDriverDB,0
7933,chr9:g.131197291A>G,P35658,1272,E1266G,1266,NUP214,1,16508,0.01,ActiveDriverDB,0
7934,chr9:g.131197351G>A,P35658,1284,G1286E,1286,NUP214,1,16508,0.01,ActiveDriverDB,0
7935,chr9:g.131197414C>T,P35658,1312,S1307F,1307,NUP214,1,16508,0.01,ActiveDriverDB,0
7936,chr9:g.131197449G>A,P35658,1312,E1319K,1319,NUP214,1,16508,0.01,ActiveDriverDB,0
7937,chr9:g.131197449G>A,P35658,1315,E1319K,1319,NUP214,1,16508,0.01,ActiveDriverDB,0
7938,chr9:g.131197543A>G,P35658,1353,N1350D,1350,NUP214,1,16508,0.01,ActiveDriverDB,0
7939,chr9:g.131197543A>G,P35658,1355,N1350D,1350,NUP214,1,16508,0.01,ActiveDriverDB,0
7940,chr9:g.131197543A>G,P35658,1356,N1350D,1350,NUP214,1,16508,0.01,ActiveDriverDB,0
8190,chr10:g.31521369A>C,P37275,679,S679I,679,ZEB1,1,16508,0.01,Biomuta,0
8191,chr10:g.31521392C>T,P37275,686,P687T,687,ZEB1,1,16508,0.01,ActiveDriverDB,0
8192,chr10:g.31521392C>T,P37275,693,P687T,687,ZEB1,1,16508,0.01,ActiveDriverDB,0
8627,chr3:g.187728490C>A,P41182,466,M470I,470,BCL6,1,16508,0.01,ActiveDriverDB,0
9199,chrX:g.77599550T>A,P46100,1946,K1939N,1939,ATRX,1,16508,0.01,ActiveDriverDB,0
9200,chrX:g.77599533C>T,P46100,1946,G1945E,1945,ATRX,1,16508,0.01,ActiveDriverDB,0
9201,chrX:g.77599533C>T,P46100,1948,G1945E,1945,ATRX,1,16508,0.01,ActiveDriverDB,0
9202,chrX:g.77599482G>A,P46100,1962,S1962F,1962,ATRX,1,16508,0.01,ActiveDriverDB,0
9203,chrX:g.77599476C>G,P46100,1962,G1964A,1964,ATRX,1,16508,0.01,ActiveDriverDB,0
9325,chr3:g.181713076C>A,P48431,246,S239Y,239,SOX2,1,16508,0.01,ActiveDriverDB;ActiveDriverDB,0
9326,chr3:g.181713085C>T,P48431,246,S242L,242,SOX2,2,16508,0.01,ActiveDriverDB;ActiveDriverDB,0
9327,chr3:g.181713085C>T,P48431,249,S242L,242,SOX2,2,16508,0.01,ActiveDriverDB,0
9431,chr2:g.108763862G>T,P49792,1107,G1108V,1108,RANBP2,1,16508,0.01,ActiveDriverDB,0
9432,chr2:g.108763862G>T,P49792,1110,G1108V,1108,RANBP2,1,16508,0.01,ActiveDriverDB,0
9433,chr2:g.108763902G>A,P49792,1118,K1121N,1121,RANBP2,1,16508,0.01,ActiveDriverDB;ActiveDriverDB,0
9434,chr2:g.108763902G>A,P49792,1128,K1121N,1121,RANBP2,1,16508,0.01,ActiveDriverDB;ActiveDriverDB;ActiveDriverDB;ActiveDriverDB,0
9435,chr2:g.108763918C>T,P49792,1128,R1127Q,1127,RANBP2,2,16508,0.01,ActiveDriverDB;ActiveDriverDB;ActiveDriverDB;ActiveDriverDB,0
9436,chr2:g.108763915C>T,P49792,1128,R1126W,1126,RANBP2,2,16508,0.01,ActiveDriverDB,0
9437,chr2:g.108763941C>A,P49792,1128,F1134L,1134,RANBP2,1,16508,0.01,ActiveDriverDB,0
9438,chr2:g.108763948C>T,P49792,1140,P1137S,1137,RANBP2,1,16508,0.01,ActiveDriverDB,0
9439,chr2:g.108763941C>A,P49792,1140,F1134L,1134,RANBP2,1,16508,0.01,ActiveDriverDB,0
9440,chr2:g.108763948C>T,P49792,1144,P1137S,1137,RANBP2,1,16508,0.01,ActiveDriverDB,0
9441,chr2:g.108763991A>G,P49792,1144,N1151S,1151,RANBP2,1,16508,0.01,ActiveDriverDB,0
9442,chr2:g.108763991A>G,P49792,1146,N1151S,1151,RANBP2,1,16508,0.01,ActiveDriverDB,0
9443,chr2:g.108763991A>G,P49792,1149,N1151S,1151,RANBP2,1,16508,0.01,ActiveDriverDB,0
9829,chr19:g.10984188C>T,P51532,11,R13W,13,SMARCA4,1,16508,0.01,ActiveDriverDB,0
9830,chr19:g.10984186C>T,P51532,11,P12L,12,SMARCA4,1,16508,0.01,ActiveDriverDB;ActiveDriverDB;ActiveDriverDB;ActiveDriverDB;ActiveDriverDB;ActiveDriverDB,0
9831,chr19:g.10984192C>T,P51532,11,P14T,14,SMARCA4,1,16508,0.01,ActiveDriverDB;ActiveDriverDB;ActiveDriverDB;ActiveDriverDB;ActiveDriverDB;ActiveDriverDB;ActiveDriverDB;ActiveDriverDB;ActiveDriverDB,0
9832,chr19:g.10984249G>A,P51532,31,G33D,33,SMARCA4,1,16508,0.01,ActiveDriverDB,0
9833,chr19:g.10984249G>A,P51532,35,G33D,33,SMARCA4,1,16508,0.01,ActiveDriverDB,0
10497,chr14:g.37591940T>G,P55317,282,S282R,282,FOXA1,1,16508,0.01,ActiveDriverDB,0
10792,chr1:g.202012959C>G,P78545,207,S204C,204,ELF3,1,16508,0.01,ActiveDriverDB,0
11083,chr11:g.128807183C>A,Q01543,236,P242H,242,FLI1,1,16508,0.01,ActiveDriverDB,0
11084,chr11:g.128807183C>A,Q01543,241,P242H,242,FLI1,1,16508,0.01,ActiveDriverDB,0
11085,chr11:g.128809179G>T,Q01543,263,P268L,268,FLI1,1,16508,0.01,ActiveDriverDB,0
11402,chr22:g.41117373A>G,Q09472,89,N94S,94,EP300,1,16508,0.01,ActiveDriverDB,0
11403,chr22:g.41117400T>G,Q09472,106,V103I,103,EP300,1,16508,0.01,ActiveDriverDB;ActiveDriverDB,0
11414,chr22:g.41149879C>T,Q09472,831,S833L,833,EP300,1,16508,0.01,ActiveDriverDB,0
11415,chr22:g.41149893C>T,Q09472,831,R838H,838,EP300,2,16508,0.01,ActiveDriverDB,0
11416,chr22:g.41149879C>T,Q09472,833,S833L,833,EP300,1,16508,0.01,ActiveDriverDB,0
11417,chr22:g.41149893C>T,Q09472,833,R838H,838,EP300,2,16508,0.01,ActiveDriverDB,0
11443,chr22:g.27797711G>A,Q10571,950,R945C,945,MN1,1,16508,0.01,ActiveDriverDB,0
11444,chr22:g.27797680G>T,Q10571,950,P955H,955,MN1,1,16508,0.01,ActiveDriverDB,0
11445,chr22:g.27797661C>A,Q10571,954,K961N,961,MN1,1,16508,0.01,ActiveDriverDB,0
11446,chr22:g.27797680G>T,Q10571,954,P955H,955,MN1,1,16508,0.01,ActiveDriverDB,0
11447,chr22:g.27797661C>A,Q10571,957,K961N,961,MN1,1,16508,0.01,ActiveDriverDB,0
11448,chr22:g.27797680G>T,Q10571,957,P955H,955,MN1,1,16508,0.01,ActiveDriverDB,0
11449,chr22:g.27797514C>G,Q10571,1007,W1010C,1010,MN1,2,16508,0.01,ActiveDriverDB,0
11450,chr22:g.27797511C>A,Q10571,1007,G1011V,1011,MN1,1,16508,0.01,ActiveDriverDB;ActiveDriverDB,0
11584,chr4:g.86762838G>A,Q12923,1229,R1222C,1222,PTPN13,2,16508,0.01,ActiveDriverDB,0
11926,chr18:g.51058369A>T,Q13485,273,T273A,273,SMAD4,1,16508,0.01,ActiveDriverDB;ActiveDriverDB;ActiveDriverDB;ActiveDriverDB;ActiveDriverDB,0
11927,chr18:g.51058375C>A,Q13485,273,P275T,275,SMAD4,1,16508,0.01,ActiveDriverDB,0
11928,chr18:g.51058369A>T,Q13485,277,T273A,273,SMAD4,1,16508,0.01,ActiveDriverDB;ActiveDriverDB;ActiveDriverDB;ActiveDriverDB;ActiveDriverDB,0
11929,chr18:g.51058375C>A,Q13485,277,P275T,275,SMAD4,1,16508,0.01,ActiveDriverDB,0
11945,chr11:g.102324919C>G,Q13489,141,S137C,137,BIRC3,1,16508,0.01,ActiveDriverDB,0
11946,chr11:g.102324934C>T,Q13489,141,P142L,142,BIRC3,1,16508,0.01,ActiveDriverDB,0
12417,chr1:g.150961126G>A,Q15047,1025,E1022K,1022,SETDB1,2,16508,0.01,ActiveDriverDB,0
12418,chr1:g.150961126G>A,Q15047,1027,E1022K,1022,SETDB1,2,16508,0.01,ActiveDriverDB,0
12459,chr8:g.17955495G>C,Q15154,431,Q438H,438,PCM1,1,16508,0.01,ActiveDriverDB,0
12460,chr8:g.17955495G>C,Q15154,435,Q438H,438,PCM1,1,16508,0.01,ActiveDriverDB,0
12760,chr2:g.24706585C>G,Q15788,372,S372C,372,NCOA1,1,16508,0.01,Biomuta,0
12761,chr2:g.24706631T>A,Q15788,389,N387K,387,NCOA1,1,16508,0.01,ActiveDriverDB,0
12762,chr2:g.24706631T>A,Q15788,393,N387K,387,NCOA1,1,16508,0.01,ActiveDriverDB,0
12763,chr2:g.24707008C>T,Q15788,517,S513L,513,NCOA1,2,16508,0.01,ActiveDriverDB,0
12764,chr2:g.24707018C>G,Q15788,517,S516R,516,NCOA1,1,16508,0.01,ActiveDriverDB,0
12765,chr2:g.24707185G>C,Q15788,565,R572T,572,NCOA1,1,16508,0.01,ActiveDriverDB,0
12766,chr2:g.24707185G>C,Q15788,566,R572T,572,NCOA1,1,16508,0.01,ActiveDriverDB,0
12767,chr2:g.24707185G>C,Q15788,569,R572T,572,NCOA1,1,16508,0.01,ActiveDriverDB,0
12776,chr2:g.24752026C>A,Q15788,1250,P1251T,1251,NCOA1,1,16508,0.01,ActiveDriverDB,0
12777,chr2:g.24752083C>G,Q15788,1271,Q1270E,1270,NCOA1,1,16508,0.01,ActiveDriverDB,0
12778,chr2:g.24752129G>T,Q15788,1279,W1285L,1285,NCOA1,1,16508,0.01,ActiveDriverDB,0
13182,chr17:g.20204978G>A,Q5M775,311,R310Q,310,SPECC1,1,16508,0.01,ActiveDriverDB,0
13183,chr17:g.20204983T>C,Q5M775,312,S312P,312,SPECC1,1,16508,0.01,PhosphoSitePlus,0
13184,chr17:g.20204978G>A,Q5M775,312,R310Q,310,SPECC1,1,16508,0.01,ActiveDriverDB,0
13185,chr17:g.20204983T>C,Q5M775,314,S312P,312,SPECC1,1,16508,0.01,PhosphoSitePlus,0
13186,chr17:g.20204978G>A,Q5M775,314,R310Q,310,SPECC1,1,16508,0.01,ActiveDriverDB,0
13187,chr17:g.20204983T>C,Q5M775,315,S312P,312,SPECC1,1,16508,0.01,PhosphoSitePlus,0
13188,chr17:g.20204978G>A,Q5M775,315,R310Q,310,SPECC1,1,16508,0.01,ActiveDriverDB,0
13189,chr17:g.20204983T>C,Q5M775,316,S312P,312,SPECC1,1,16508,0.01,PhosphoSitePlus,0
13190,chr17:g.20204978G>A,Q5M775,316,R310Q,310,SPECC1,1,16508,0.01,ActiveDriverDB,0
13191,chr17:g.20204983T>C,Q5M775,317,S312P,312,SPECC1,1,16508,0.01,PhosphoSitePlus,0
13192,chr17:g.20204978G>A,Q5M775,317,R310Q,310,SPECC1,1,16508,0.01,ActiveDriverDB,0
13193,chr17:g.20205037G>T,Q5M775,323,D330Y,330,SPECC1,1,16508,0.01,ActiveDriverDB,0
13194,chr17:g.20205037G>T,Q5M775,325,D330Y,330,SPECC1,1,16508,0.01,ActiveDriverDB;ActiveDriverDB,0
13195,chr17:g.20205037G>T,Q5M775,329,D330Y,330,SPECC1,1,16508,0.01,ActiveDriverDB;ActiveDriverDB,0
13425,chrX:g.40073638C>T,Q6W2J9,569,A570T,570,BCOR,2,16508,0.01,ActiveDriverDB;ActiveDriverDB;ActiveDriverDB,0
13426,chrX:g.40073649C>T,Q6W2J9,569,R566C,566,BCOR,2,16508,0.01,ActiveDriverDB;ActiveDriverDB;ActiveDriverDB,0
13427,chrX:g.40073656C>T,Q6W2J9,569,A564T,564,BCOR,1,16508,0.01,ActiveDriverDB;ActiveDriverDB,0
13428,chrX:g.40073638C>T,Q6W2J9,571,A570T,570,BCOR,2,16508,0.01,ActiveDriverDB;ActiveDriverDB;ActiveDriverDB,0
13429,chrX:g.40073649C>T,Q6W2J9,571,R566C,566,BCOR,2,16508,0.01,ActiveDriverDB;ActiveDriverDB;ActiveDriverDB,0
13430,chrX:g.40073656C>T,Q6W2J9,571,A564T,564,BCOR,1,16508,0.01,ActiveDriverDB;ActiveDriverDB,0
13637,chr11:g.118908431G>A,Q86UU0,88,A84V,84,BCL9L,1,16508,0.01,ActiveDriverDB,0
13638,chr11:g.118908389T>C,Q86UU0,93,Q98R,98,BCL9L,1,16508,0.01,ActiveDriverDB,0
13639,chr11:g.118908386G>A,Q86UU0,93,A99V,99,BCL9L,1,16508,0.01,ActiveDriverDB,0
13652,chr11:g.118901507G>A,Q86UU0,750,R746W,746,BCL9L,2,16508,0.01,ActiveDriverDB,0
13654,chr11:g.118900999G>A,Q86UU0,915,S915L,915,BCL9L,2,16508,0.01,Biomuta,0
13655,chr11:g.118900977A>C,Q86UU0,915,N922K,922,BCL9L,1,16508,0.01,ActiveDriverDB,0
13656,chr11:g.118900963G>A,Q86UU0,920,P927L,927,BCL9L,1,16508,0.01,ActiveDriverDB,0
13657,chr11:g.118900977A>C,Q86UU0,926,N922K,922,BCL9L,1,16508,0.01,ActiveDriverDB,0
13658,chr11:g.118900963G>A,Q86UU0,926,P927L,927,BCL9L,1,16508,0.01,ActiveDriverDB,0
13659,chr11:g.118900963G>A,Q86UU0,934,P927L,927,BCL9L,1,16508,0.01,ActiveDriverDB,0
13660,chr11:g.118900903G>A,Q86UU0,942,S947L,947,BCL9L,2,16508,0.01,ActiveDriverDB,0
13661,chr11:g.118900903G>A,Q86UU0,946,S947L,947,BCL9L,2,16508,0.01,ActiveDriverDB,0
13662,chr11:g.118900903G>A,Q86UU0,947,S947L,947,BCL9L,2,16508,0.01,ActiveDriverDB,0
13663,chr11:g.118900903G>A,Q86UU0,949,S947L,947,BCL9L,2,16508,0.01,ActiveDriverDB,0
13664,chr11:g.118900903G>A,Q86UU0,954,S947L,947,BCL9L,2,16508,0.01,ActiveDriverDB;ActiveDriverDB,0
13665,chr11:g.118900860C>T,Q86UU0,954,M961I,961,BCL9L,1,16508,0.01,ActiveDriverDB;ActiveDriverDB,0
13666,chr11:g.118900860C>T,Q86UU0,957,M961I,961,BCL9L,1,16508,0.01,ActiveDriverDB,0
13667,chr11:g.118900860C>T,Q86UU0,959,M961I,961,BCL9L,1,16508,0.01,ActiveDriverDB,0
13668,chr11:g.118900805C>A,Q86UU0,975,G980C,980,BCL9L,2,16508,0.01,ActiveDriverDB,0
13669,chr11:g.118900832C>T,Q86UU0,975,G971R,971,BCL9L,1,16508,0.01,ActiveDriverDB,0
13670,chr11:g.118900805C>A,Q86UU0,981,G980C,980,BCL9L,2,16508,0.01,ActiveDriverDB,0
13671,chr11:g.118900805C>A,Q86UU0,982,G980C,980,BCL9L,2,16508,0.01,ActiveDriverDB,0
13672,chr11:g.118900805C>A,Q86UU0,984,G980C,980,BCL9L,2,16508,0.01,ActiveDriverDB,0
13673,chr11:g.118900771G>A,Q86UU0,984,S991L,991,BCL9L,1,16508,0.01,ActiveDriverDB,0
13674,chr11:g.118900805C>A,Q86UU0,987,G980C,980,BCL9L,2,16508,0.01,ActiveDriverDB,0
13675,chr11:g.118900762C>A,Q86UU0,987,R994M,994,BCL9L,1,16508,0.01,ActiveDriverDB,0
13676,chr11:g.118900771G>A,Q86UU0,987,S991L,991,BCL9L,1,16508,0.01,ActiveDriverDB,0
13677,chr11:g.118900762C>A,Q86UU0,989,R994M,994,BCL9L,1,16508,0.01,ActiveDriverDB,0
13678,chr11:g.118900771G>A,Q86UU0,989,S991L,991,BCL9L,1,16508,0.01,ActiveDriverDB,0
13679,chr11:g.118900762C>A,Q86UU0,991,R994M,994,BCL9L,1,16508,0.01,ActiveDriverDB,0
13680,chr11:g.118900771G>A,Q86UU0,991,S991L,991,BCL9L,1,16508,0.01,Biomuta,0
13681,chr11:g.118900762C>A,Q86UU0,993,R994M,994,BCL9L,1,16508,0.01,ActiveDriverDB,0
13682,chr11:g.118900771G>A,Q86UU0,993,S991L,991,BCL9L,1,16508,0.01,ActiveDriverDB,0
13683,chr11:g.118900762C>A,Q86UU0,997,R994M,994,BCL9L,1,16508,0.01,ActiveDriverDB,0
13684,chr11:g.118900771G>A,Q86UU0,997,S991L,991,BCL9L,1,16508,0.01,ActiveDriverDB,0
13685,chr11:g.118900762C>A,Q86UU0,999,R994M,994,BCL9L,1,16508,0.01,ActiveDriverDB,0
13894,chr12:g.1028189G>A,Q8IUD2,94,G96E,96,ERC1,1,16508,0.01,ActiveDriverDB,0
13895,chr12:g.1028187G>T,Q8IUD2,94,G95V,95,ERC1,1,16508,0.01,ActiveDriverDB,0
13914,chr20:g.32436518C>T,Q8IXJ9,1262,S1269L,1269,ASXL1,2,16508,0.01,ActiveDriverDB,0
13915,chr20:g.32436518C>T,Q8IXJ9,1276,S1269L,1269,ASXL1,2,16508,0.01,ActiveDriverDB;ActiveDriverDB,0
13916,chr20:g.32436547G>A,Q8IXJ9,1276,V1279M,1279,ASXL1,1,16508,0.01,ActiveDriverDB;ActiveDriverDB,0
13917,chr20:g.32436530G>A,Q8IXJ9,1276,R1273C,1273,ASXL1,1,16508,0.01,ActiveDriverDB,0
13928,chr11:g.96092489C>T,Q8IZL2,513,M514V,514,MAML2,1,16508,0.01,PhosphoSitePlus,0
13929,chr11:g.96092489C>T,Q8IZL2,515,M514V,514,MAML2,1,16508,0.01,PhosphoSitePlus,0
13931,chr11:g.95979157G>A,Q8IZL2,1089,P1088S,1088,MAML2,2,16508,0.01,ActiveDriverDB,0
13932,chr11:g.95979170C>T,Q8IZL2,1089,T1083M,1083,MAML2,2,16508,0.01,ActiveDriverDB,0
13935,chr10:g.26770293G>A,Q8IZP0,178,P177L,177,ABI1,1,16508,0.01,ActiveDriverDB,0
13936,chr10:g.26770276T>C,Q8IZP0,183,S183G,183,ABI1,1,16508,0.01,Biomuta,0
13937,chr10:g.26770293G>A,Q8IZP0,183,P177L,177,ABI1,1,16508,0.01,ActiveDriverDB,0
13938,chr10:g.26759109G>A,Q8IZP0,338,S344F,344,ABI1,1,16508,0.01,ActiveDriverDB,0
14333,chrX:g.41341504T>A,O00571,55,S58T,58,DDX3X,1,16508,0.01,ActiveDriverDB;ActiveDriverDB,0
14334,chrX:g.41341504T>A,O00571,64,S58T,58,DDX3X,1,16508,0.01,ActiveDriverDB,0
14335,chrX:g.41342572G>A,O00571,118,R121L,121,DDX3X,1,16508,0.01,ActiveDriverDB,0
14336,chrX:g.41342587G>C,O00571,130,R126P,126,DDX3X,1,16508,0.01,ActiveDriverDB,0
14337,chrX:g.41342604G>A,O00571,130,D132N,132,DDX3X,1,16508,0.01,ActiveDriverDB,0
14338,chrX:g.41342635C>T,O00571,138,P142L,142,DDX3X,1,16508,0.01,ActiveDriverDB,0
14339,chrX:g.41342604G>A,O00571,138,D132N,132,DDX3X,1,16508,0.01,ActiveDriverDB,0
14374,chr1:g.26772879A>T,O14497,1201,N1203Y,1203,ARID1A,1,16508,0.01,ActiveDriverDB,0
14524,chr17:g.8150114G>A,O15534,136,S129L,129,PER1,1,16508,0.01,ActiveDriverDB,0
14526,chr17:g.8146450A>G,O15534,648,S654P,654,PER1,1,16508,0.01,ActiveDriverDB,0
14527,chr17:g.8146380G>A,O15534,678,T677I,677,PER1,1,16508,0.01,ActiveDriverDB,0
14528,chr17:g.8146099G>A,O15534,695,P693S,693,PER1,1,16508,0.01,ActiveDriverDB,0
14697,chr17:g.16070163A>G,O75376,1511,V1505I,1505,NCOR1,1,16508,0.01,ActiveDriverDB,0
14698,chr17:g.16068092G>A,O75376,1511,H1515Y,1515,NCOR1,1,16508,0.01,ActiveDriverDB,0
14990,chr17:g.50186768A>T,P02452,1236,L1229H,1229,COL1A1,1,16508,0.01,ActiveDriverDB,0
14994,chr12:g.47986389C>G,P02458,490,G492V,492,COL2A1,1,16508,0.01,PhosphoSitePlus,0
14995,chr2:g.188999879G>A,P02461,757,G756E,756,COL3A1,1,16508,0.01,PhosphoSitePlus;PhosphoSitePlus,0
15040,chr1:g.156138562C>T,P02545,597,C591S,591,LMNA,1,16508,0.01,ActiveDriverDB,0
16090,chr1:g.35191510G>C,P23246,279,S283C,283,SFPQ,1,16508,0.01,ActiveDriverDB,0
17274,chrX:g.77599482G>A,P46100,1956,S1962F,1962,ATRX,1,16508,0.01,ActiveDriverDB,0
18521,chr11:g.128782020G>T,Q01543,217,E218Q,218,FLI1,1,16508,0.01,ActiveDriverDB,0
18522,chr11:g.128807183C>A,Q01543,240,P242H,242,FLI1,1,16508,0.01,ActiveDriverDB,0
20203,chr1:g.147620671G>T,O00512,844,R839L,839,BCL9,1,16508,0.01,ActiveDriverDB,0
20204,chr1:g.147620678delGGGGC,O00512,844,R843Q,843,BCL9,1,16508,0.01,ActiveDriverDB,0
20283,chr17:g.50194437C>T,P02452,505,G509V,509,COL1A1,1,16508,0.01,PhosphoSitePlus,0
20462,chr16:g.31191398G>T,P35637,510,G515C,515,FUS,1,16508,0.01,PhosphoSitePlus;PhosphoSitePlus;PhosphoSitePlus;PhosphoSitePlus,0
20532,chr14:g.37591967delCCGGCTGCTTCTCGCACTTG,P55317,267,F266S,266,FOXA1,1,16508,0.01,ActiveDriverDB,0
20533,chr14:g.37592003G>A,P55317,267,R261C,261,FOXA1,2,16508,0.01,ActiveDriverDB;ActiveDriverDB;ActiveDriverDB;ActiveDriverDB;ActiveDriverDB,0
20534,chr14:g.37591967delCCGGCTGCTTCTCGCACTTG,P55317,270,F266S,266,FOXA1,1,16508,0.01,ActiveDriverDB,0
20590,chr11:g.128807221G>C,Q01543,252,E255Q,255,FLI1,1,16508,0.01,ActiveDriverDB,0
20591,chr11:g.128807204C>T,Q01543,252,T249M,249,FLI1,1,16508,0.01,ActiveDriverDB,0
20668,chr22:g.27797514C>G,Q10571,1012,W1010C,1010,MN1,2,16508,0.01,ActiveDriverDB,0
20669,chr22:g.27797511C>A,Q10571,1012,G1011V,1011,MN1,1,16508,0.01,ActiveDriverDB;ActiveDriverDB,0
20783,chr11:g.118908533G>A,Q86UU0,49,T50I,50,BCL9L,1,16508,0.01,ActiveDriverDB,0
20784,chr11:g.118908452G>A,Q86UU0,73,A77V,77,BCL9L,1,16508,0.01,ActiveDriverDB,0
20928,chr17:g.50195049G>A,P02452,451,P451S,451,COL1A1,1,16508,0.01,Biomuta,0
20929,chr17:g.50193014G>T,P02452,601,P601T,601,COL1A1,1,16508,0.01,Biomuta,0
20930,chr17:g.50192649G>A,P02452,640,P640T,640,COL1A1,1,16508,0.01,Biomuta,0
20931,chr17:g.50192521G>A,P02452,646,P646L,646,COL1A1,1,16508,0.01,Biomuta,0
20932,chr17:g.50190328G>A,P02452,817,P817L,817,COL1A1,1,16508,0.01,Biomuta,0
20933,chr17:g.50189861G>A,P02452,871,P871S,871,COL1A1,1,16508,0.01,Biomuta,0
20934,chr17:g.50189423G>T,P02452,928,P928H,928,COL1A1,1,16508,0.01,Biomuta,0
20935,chr17:g.50187052G>A,P02452,1165,P1165L,1165,COL1A1,1,16508,0.01,Biomuta,0
20936,chr17:g.50186919G>A,P02452,1179,P1179S,1179,COL1A1,1,16508,0.01,Biomuta,0
20937,chr17:g.50186900G>A,P02452,1185,P1185L,1185,COL1A1,1,16508,0.01,Biomuta,0
20938,chr12:g.47983432G>A,P02458,668,P668S,668,COL2A1,1,16508,0.01,Biomuta,0
20939,chr12:g.47976003G>T,P02458,1186,P1186H,1186,COL2A1,1,16508,0.01,Biomuta,0
20940,chr12:g.47975589G>A,P02458,1205,P1205L,1205,COL2A1,1,16508,0.01,Biomuta,0
20945,chrX:g.41342505C>T,O00571,93,R99H,99,DDX3X,1,16508,0.01,ActiveDriverDB,0
20946,chrX:g.41342505C>T,O00571,95,R99H,99,DDX3X,1,16508,0.01,ActiveDriverDB;ActiveDriverDB,0
20947,chrX:g.41342512G>A,O00571,95,R101W,101,DDX3X,1,16508,0.01,ActiveDriverDB;ActiveDriverDB,0
20948,chrX:g.41342505C>T,O00571,99,R99H,99,DDX3X,1,16508,0.01,ActiveDriverDB;ActiveDriverDB,0
20949,chrX:g.41342512G>A,O00571,99,R101W,101,DDX3X,1,16508,0.01,ActiveDriverDB;ActiveDriverDB,0
20950,chrX:g.41342505C>T,O00571,101,R99H,99,DDX3X,1,16508,0.01,ActiveDriverDB;ActiveDriverDB,0
20951,chrX:g.41342512G>A,O00571,101,R101W,101,DDX3X,1,16508,0.01,ActiveDriverDB;ActiveDriverDB,0
20952,chrX:g.41342533G>A,O00571,101,G108D,108,DDX3X,1,16508,0.01,ActiveDriverDB,0
20953,chrX:g.41342538C>T,O00571,110,R110C,110,DDX3X,2,16508,0.01,Biomuta,0
20954,chrX:g.41342533G>A,O00571,110,G108D,108,DDX3X,1,16508,0.01,ActiveDriverDB,0
20955,chrX:g.41342587G>C,O00571,121,R126P,126,DDX3X,1,16508,0.01,ActiveDriverDB,0
20956,chrX:g.41342572G>A,O00571,121,R121L,121,DDX3X,1,16508,0.01,ActiveDriverDB,0
20975,chr1:g.26729678A>C,O14497,389,K389Q,389,ARID1A,1,16508,0.01,ActiveDriverDB,0
20976,chr1:g.26729678A>C,O14497,391,K389Q,389,ARID1A,1,16508,0.01,ActiveDriverDB,0
20977,chr1:g.26761456G>A,O14497,750,S745N,745,ARID1A,1,16508,0.01,ActiveDriverDB,0
20978,chr1:g.26762208G>A,O14497,774,A770T,770,ARID1A,1,16508,0.01,ActiveDriverDB;ActiveDriverDB,0
20979,chr1:g.26762218C>T,O14497,774,P773L,773,ARID1A,1,16508,0.01,ActiveDriverDB;ActiveDriverDB,0
20980,chr1:g.26762221G>A,O14497,774,R774H,774,ARID1A,2,16508,0.01,ActiveDriverDB,0
20981,chr1:g.26772949A>G,O14497,1223,Y1226C,1226,ARID1A,1,16508,0.01,ActiveDriverDB;ActiveDriverDB,0
20982,chr1:g.26772947C>A,O14497,1223,S1225C,1225,ARID1A,1,16508,0.01,ActiveDriverDB;ActiveDriverDB,0
20983,chr1:g.26772934T>G,O14497,1223,M1221R,1221,ARID1A,1,16508,0.01,ActiveDriverDB,0
20984,chr1:g.26773361C>A,O14497,1237,P1244H,1244,ARID1A,1,16508,0.01,ActiveDriverDB,0
20985,chr1:g.26772987G>A,O14497,1237,A1239T,1239,ARID1A,2,16508,0.01,ActiveDriverDB,0
20986,chr1:g.26773489delAG,O14497,1287,R1287T,1287,ARID1A,1,16508,0.01,ActiveDriverDB,0
20987,chr1:g.26774761C>T,O14497,1511,Q1512H,1512,ARID1A,2,16508,0.01,ActiveDriverDB,0
20988,chr1:g.26774750A>G,O14497,1511,Y1508C,1508,ARID1A,1,16508,0.01,ActiveDriverDB,0
21029,chr6:g.108664068C>G,O43524,419,S412C,412,FOXO3,1,16508,0.01,ActiveDriverDB,0
21030,chr6:g.108664107C>T,O43524,419,S425F,425,FOXO3,1,16508,0.01,ActiveDriverDB,0
21041,chr17:g.16068092G>A,O75376,1518,H1515Y,1515,NCOR1,1,16508,0.01,ActiveDriverDB,0
21052,chr2:g.197408524T>A,O75533,318,D321V,321,SF3B1,1,16508,0.01,ActiveDriverDB,0
21055,chr6:g.106105214C>A,O75626,371,G366C,366,PRDM1,1,16508,0.01,ActiveDriverDB,0
21084,chr1:g.156138712G>T,P02545,644,L641R,641,LMNA,1,16508,0.01,ActiveDriverDB;ActiveDriverDB;ActiveDriverDB,0
21168,chr12:g.57465203G>A,P08151,161,R161Q,161,GLI1,1,16508,0.01,ActiveDriverDB,0
21169,chr12:g.57465193G>T,P08151,161,D158Y,158,GLI1,1,16508,0.01,ActiveDriverDB,0
21170,chr12:g.57465224C>A,P08151,161,P168H,168,GLI1,1,16508,0.01,ActiveDriverDB,0
21171,chr12:g.57465206G>A,P08151,161,G162D,162,GLI1,1,16508,0.01,ActiveDriverDB,0
21273,chr7:g.26196570C>G,P22626,200,R200S,200,HNRNPA2B1,1,16508,0.01,ActiveDriverDB,0
21274,chr7:g.26196570C>G,P22626,203,R200S,200,HNRNPA2B1,1,16508,0.01,ActiveDriverDB,0
21275,chr7:g.26196445C>A,P22626,213,G217V,217,HNRNPA2B1,1,16508,0.01,ActiveDriverDB,0
21276,chr7:g.26195906C>G,P22626,228,G233A,233,HNRNPA2B1,1,16508,0.01,ActiveDriverDB,0
21277,chr7:g.26195892G>A,P22626,238,R238S,238,HNRNPA2B1,2,16508,0.01,Biomuta,0
21278,chr7:g.26195889C>T,P22626,238,G239R,239,HNRNPA2B1,1,16508,0.01,ActiveDriverDB,0
21279,chr7:g.26195906C>G,P22626,238,G233A,233,HNRNPA2B1,1,16508,0.01,ActiveDriverDB,0
21280,chr7:g.26195873T>C,P22626,238,Y244C,244,HNRNPA2B1,1,16508,0.01,ActiveDriverDB,0
21281,chr7:g.26193671C>T,P22626,266,G261S,261,HNRNPA2B1,1,16508,0.01,ActiveDriverDB,0
21282,chr7:g.26193659C>T,P22626,266,G265R,265,HNRNPA2B1,1,16508,0.01,ActiveDriverDB,0
21283,chr7:g.26193677T>A,P22626,266,S259C,259,HNRNPA2B1,1,16508,0.01,ActiveDriverDB,0
21284,chr7:g.26193259T>C,P22626,325,Y331C,331,HNRNPA2B1,1,16508,0.01,ActiveDriverDB,0
21285,chr7:g.26193257C>A,P22626,325,G332C,332,HNRNPA2B1,1,16508,0.01,ActiveDriverDB,0
21286,chr7:g.26193269C>A,P22626,325,G328W,328,HNRNPA2B1,1,16508,0.01,ActiveDriverDB,0
21290,chr1:g.35184502C>A,P23246,693,R693I,693,SFPQ,1,16508,0.01,ActiveDriverDB,0
21291,chr1:g.35184502C>A,P23246,695,R693I,693,SFPQ,1,16508,0.01,ActiveDriverDB,0
21371,chr16:g.31185032G>C,P35637,213,G206S,206,FUS,1,16508,0.01,ActiveDriverDB;ActiveDriverDB;ActiveDriverDB,0
21372,chr16:g.31185055G>A,P35637,213,G214R,214,FUS,1,16508,0.01,ActiveDriverDB,0
21373,chr16:g.31185055G>A,P35637,216,G214R,214,FUS,1,16508,0.01,ActiveDriverDB,0
21374,chr16:g.31185055G>A,P35637,218,G214R,214,FUS,1,16508,0.01,ActiveDriverDB,0
21375,chr16:g.31185113A>G,P35637,234,N233S,233,FUS,1,16508,0.01,ActiveDriverDB,0
21376,chr16:g.31186803G>A,P35637,251,G256R,256,FUS,1,16508,0.01,ActiveDriverDB,0
21377,chr16:g.31186803G>A,P35637,259,G256R,256,FUS,1,16508,0.01,ActiveDriverDB,0
21378,chr16:g.31190285C>T,P35637,388,R394L,394,FUS,1,16508,0.01,ActiveDriverDB;ActiveDriverDB;ActiveDriverDB,0
21379,chr16:g.31190285C>T,P35637,394,R394L,394,FUS,1,16508,0.01,ActiveDriverDB;ActiveDriverDB;ActiveDriverDB,0
21380,chr16:g.31190981A>G,P35637,473,R472C,472,FUS,1,16508,0.01,ActiveDriverDB,0
21381,chr16:g.31190984G>A,P35637,473,R473H,473,FUS,1,16508,0.01,ActiveDriverDB,0
21382,chr16:g.31190981A>G,P35637,476,R472C,472,FUS,1,16508,0.01,ActiveDriverDB,0
21383,chr16:g.31190984G>A,P35637,476,R473H,473,FUS,1,16508,0.01,ActiveDriverDB,0
21384,chr16:g.31191398G>T,P35637,514,G515V,515,FUS,1,16508,0.01,ActiveDriverDB;ActiveDriverDB;ActiveDriverDB;ActiveDriverDB;ActiveDriverDB;ActiveDriverDB;ActiveDriverDB;ActiveDriverDB,0
21385,chr16:g.31191410G>T,P35637,514,Q519E,519,FUS,1,16508,0.01,ActiveDriverDB;ActiveDriverDB;ActiveDriverDB;ActiveDriverDB;ActiveDriverDB;ActiveDriverDB;ActiveDriverDB;ActiveDriverDB,0
21386,chr16:g.31191398G>T,P35637,518,G515C,515,FUS,1,16508,0.01,PhosphoSitePlus;PhosphoSitePlus;PhosphoSitePlus;PhosphoSitePlus;PhosphoSitePlus;PhosphoSitePlus;PhosphoSitePlus;PhosphoSitePlus,0
21387,chr16:g.31191419G>A,P35637,518,R522G,522,FUS,2,16508,0.01,PhosphoSitePlus;PhosphoSitePlus;PhosphoSitePlus;PhosphoSitePlus;PhosphoSitePlus;PhosphoSitePlus;PhosphoSitePlus;PhosphoSitePlus,0
21388,chr16:g.31191419G>A,P35637,521,R522G,522,FUS,2,16508,0.01,PhosphoSitePlus;PhosphoSitePlus;PhosphoSitePlus;PhosphoSitePlus;PhosphoSitePlus;PhosphoSitePlus;PhosphoSitePlus;PhosphoSitePlus,0
21389,chr16:g.31191419G>A,P35637,522,R522G,522,FUS,2,16508,0.01,PhosphoSitePlus;PhosphoSitePlus;PhosphoSitePlus;PhosphoSitePlus;PhosphoSitePlus;PhosphoSitePlus;PhosphoSitePlus;PhosphoSitePlus,0
21390,chr16:g.31191419G>A,P35637,524,R522G,522,FUS,2,16508,0.01,PhosphoSitePlus;PhosphoSitePlus;PhosphoSitePlus;PhosphoSitePlus;PhosphoSitePlus;PhosphoSitePlus;PhosphoSitePlus,0
21391,chr9:g.131146268G>A,P35658,640,V637M,637,NUP214,1,16508,0.01,ActiveDriverDB,0
21475,chrX:g.77599482G>A,P46100,1963,S1962F,1962,ATRX,1,16508,0.01,ActiveDriverDB,0
21476,chrX:g.77599476C>G,P46100,1963,G1964A,1964,ATRX,1,16508,0.01,ActiveDriverDB,0
21630,chr22:g.29297907C>T,Q01844,461,R464T,464,EWSR1,1,16508,0.01,ActiveDriverDB,0
21631,chr22:g.29297907C>T,Q01844,464,R464T,464,EWSR1,1,16508,0.01,ActiveDriverDB,0
21632,chr22:g.29297907C>T,Q01844,471,R464T,464,EWSR1,1,16508,0.01,ActiveDriverDB,0
21633,chr22:g.29299322C>T,Q01844,563,D562N,562,EWSR1,1,16508,0.01,ActiveDriverDB,0
21634,chr22:g.29299322C>T,Q01844,565,D562N,562,EWSR1,1,16508,0.01,ActiveDriverDB,0
21635,chr22:g.29299780G>C,Q01844,632,L625M,625,EWSR1,1,16508,0.01,ActiveDriverDB,0
21636,chr22:g.29299815G>T,Q01844,632,G637R,637,EWSR1,1,16508,0.01,ActiveDriverDB,0
21637,chr22:g.29299781C>G,Q01844,632,M626I,626,EWSR1,1,16508,0.01,ActiveDriverDB,0
21638,chr22:g.29299815G>T,Q01844,633,G637R,637,EWSR1,1,16508,0.01,ActiveDriverDB,0
21639,chr22:g.29299781C>G,Q01844,633,M626I,626,EWSR1,1,16508,0.01,ActiveDriverDB,0
21640,chr22:g.29299815G>T,Q01844,636,G637R,637,EWSR1,1,16508,0.01,ActiveDriverDB,0
21645,chr2:g.60921922C>T,Q04864,421,A416V,416,REL,1,16508,0.01,ActiveDriverDB,0
21646,chr2:g.60921954C>T,Q04864,421,P427S,427,REL,1,16508,0.01,ActiveDriverDB,0
21654,chr22:g.41117800G>C,Q09472,237,L236F,236,EP300,1,16508,0.01,ActiveDriverDB,0
21655,chr22:g.41117812G>T,Q09472,237,Q240H,240,EP300,1,16508,0.01,ActiveDriverDB,0
21656,chr22:g.41117800G>C,Q09472,243,L236F,236,EP300,1,16508,0.01,ActiveDriverDB,0
21657,chr22:g.41117812G>T,Q09472,243,Q240H,240,EP300,1,16508,0.01,ActiveDriverDB,0
21661,chr22:g.41146798C>G,Q09472,705,R705G,705,EP300,1,16508,0.01,ActiveDriverDB,0
21778,chr11:g.118901950A>C,Q86UU0,593,F598C,598,BCL9L,1,16508,0.01,ActiveDriverDB,0
21779,chr11:g.118901950A>C,Q86UU0,602,F598C,598,BCL9L,1,16508,0.01,ActiveDriverDB,0
21790,chr12:g.1028189G>A,Q8IUD2,93,G96E,96,ERC1,1,16508,0.01,ActiveDriverDB,0
21791,chr12:g.1028187G>T,Q8IUD2,93,G95V,95,ERC1,1,16508,0.01,ActiveDriverDB,0
21838,chr16:g.31190127G>A,P35637,386,R386Q,386,FUS,1,16508,0.01,Biomuta,0
21839,chr22:g.29288704G>C,Q01844,304,R304K,304,EWSR1,1,16508,0.01,Biomuta,0
21840,chr22:g.29288734G>A,Q01844,314,R314K,314,EWSR1,1,16508,0.01,Biomuta,0
21953,chr3:g.181713076C>A,P48431,245,S239Y,239,SOX2,1,16508,0.01,ActiveDriverDB;ActiveDriverDB,0
21954,chr3:g.181713085C>T,P48431,245,S242L,242,SOX2,2,16508,0.01,ActiveDriverDB;ActiveDriverDB,0