UniProt,Position,MutationSite,exact_position,gene,num_cohort_ssm_affected_cases,num_cohort_ssm_cases,affected_cases_percentage,Source,Is_experimental_verification
Q5M775,302,N303S,303,SPECC1,51,16508,0.31,ActiveDriverDB,0
O14497,1276,R1276*,1276,ARID1A,13,16508,0.08,Biomuta,0
O60716,257,R264Q,264,CTNND1,3,16508,0.02,ActiveDriverDB,0
Q01844,461,P460L,460,EWSR1,3,16508,0.02,ActiveDriverDB,0
Q01844,464,P460L,460,EWSR1,3,16508,0.02,ActiveDriverDB,0
O75376,1487,R1482W,1482,NCOR1,2,16508,0.01,ActiveDriverDB,0
P02452,265,G263A,263,COL1A1,1,16508,0.01,ActiveDriverDB,0
P02452,265,G269R,269,COL1A1,1,16508,0.01,ActiveDriverDB;ActiveDriverDB;ActiveDriverDB;ActiveDriverDB,0
P02452,265,M264I,264,COL1A1,1,16508,0.01,ActiveDriverDB,0
P02452,1234,L1229H,1229,COL1A1,1,16508,0.01,ActiveDriverDB,0
P02452,1234,R1227H,1227,COL1A1,1,16508,0.01,ActiveDriverDB;ActiveDriverDB,0
P02461,1145,P1144S,1144,COL3A1,1,16508,0.01,ActiveDriverDB;ActiveDriverDB;ActiveDriverDB,0
P02545,612,A605T,605,LMNA,1,16508,0.01,ActiveDriverDB,0
P02545,643,L641R,641,LMNA,1,16508,0.01,ActiveDriverDB;ActiveDriverDB;ActiveDriverDB,0
P35658,1201,K1195N,1195,NUP214,1,16508,0.01,ActiveDriverDB,0
P35658,1354,N1350D,1350,NUP214,1,16508,0.01,ActiveDriverDB,0
P52948,184,V178G,178,NUP98,1,16508,0.01,ActiveDriverDB,0
O00512,62,C64F,64,BCL9,1,16508,0.01,ActiveDriverDB,0
O00512,66,C64F,64,BCL9,1,16508,0.01,ActiveDriverDB,0
O00512,68,C64F,64,BCL9,1,16508,0.01,ActiveDriverDB,0
O00512,82,K86N,86,BCL9,1,16508,0.01,ActiveDriverDB,0
O00512,102,S107P,107,BCL9,1,16508,0.01,ActiveDriverDB,0
O00512,102,D106N,106,BCL9,1,16508,0.01,ActiveDriverDB,0
O00512,104,S107P,107,BCL9,1,16508,0.01,ActiveDriverDB,0
O00512,104,D106N,106,BCL9,1,16508,0.01,ActiveDriverDB,0
O00512,107,S107P,107,BCL9,1,16508,0.01,ActiveDriverDB,0
O00512,107,D106N,106,BCL9,1,16508,0.01,ActiveDriverDB,0
O00512,288,S288F,288,BCL9,1,16508,0.01,ActiveDriverDB,0
O00512,291,S288F,288,BCL9,1,16508,0.01,ActiveDriverDB,0
O00512,308,V314M,314,BCL9,1,16508,0.01,ActiveDriverDB,0
O00512,315,G320E,320,BCL9,1,16508,0.01,ActiveDriverDB,0
O00512,315,V314M,314,BCL9,1,16508,0.01,ActiveDriverDB,0
O00512,318,G320E,320,BCL9,1,16508,0.01,ActiveDriverDB,0
O00512,318,V314M,314,BCL9,1,16508,0.01,ActiveDriverDB,0
O00512,1039,P1045S,1045,BCL9,1,16508,0.01,ActiveDriverDB,0
O00512,1039,D1036N,1036,BCL9,1,16508,0.01,ActiveDriverDB,0
O00512,1039,S1039C,1039,BCL9,1,16508,0.01,ActiveDriverDB,0
O00512,1044,P1045S,1045,BCL9,1,16508,0.01,ActiveDriverDB,0
O00512,1044,S1039C,1039,BCL9,1,16508,0.01,ActiveDriverDB,0
O00571,53,S58T,58,DDX3X,1,16508,0.01,ActiveDriverDB;ActiveDriverDB,0
O00571,57,S58T,58,DDX3X,1,16508,0.01,ActiveDriverDB,0
O00571,58,S58T,58,DDX3X,1,16508,0.01,ActiveDriverDB,0
O00571,61,S58T,58,DDX3X,1,16508,0.01,ActiveDriverDB,0
O00571,62,S58T,58,DDX3X,1,16508,0.01,ActiveDriverDB,0
O00571,63,S58T,58,DDX3X,1,16508,0.01,ActiveDriverDB,0
O00571,92,R99H,99,DDX3X,1,16508,0.01,ActiveDriverDB,0
O00571,102,R99H,99,DDX3X,1,16508,0.01,ActiveDriverDB;ActiveDriverDB,0
O00571,102,R101W,101,DDX3X,1,16508,0.01,ActiveDriverDB;ActiveDriverDB,0
O00571,102,G108D,108,DDX3X,1,16508,0.01,ActiveDriverDB,0
O00571,104,R99H,99,DDX3X,1,16508,0.01,ActiveDriverDB;ActiveDriverDB,0
O00571,104,R101W,101,DDX3X,1,16508,0.01,ActiveDriverDB;ActiveDriverDB,0
O00571,104,Y104*,104,DDX3X,2,16508,0.01,Biomuta,0
O00571,104,G108D,108,DDX3X,1,16508,0.01,ActiveDriverDB,0
O00571,109,G108D,108,DDX3X,1,16508,0.01,ActiveDriverDB,0
O00571,114,R121L,121,DDX3X,1,16508,0.01,ActiveDriverDB,0
O00571,114,G108D,108,DDX3X,1,16508,0.01,ActiveDriverDB,0
O00571,125,D132N,132,DDX3X,1,16508,0.01,ActiveDriverDB,0
O00571,125,R121L,121,DDX3X,1,16508,0.01,ActiveDriverDB,0
O00571,131,R126P,126,DDX3X,1,16508,0.01,ActiveDriverDB,0
O00571,131,S131*,131,DDX3X,1,16508,0.01,Biomuta,0
O00571,131,D132N,132,DDX3X,1,16508,0.01,ActiveDriverDB,0
O14497,604,Q605E,605,ARID1A,2,16508,0.01,ActiveDriverDB,0
O14497,604,E602K,602,ARID1A,1,16508,0.01,ActiveDriverDB,0
O14497,613,S614L,614,ARID1A,1,16508,0.01,ActiveDriverDB,0
O14497,613,S620Y,620,ARID1A,1,16508,0.01,ActiveDriverDB,0
O14497,631,S637C,637,ARID1A,2,16508,0.01,ActiveDriverDB,0
O14497,638,S637C,637,ARID1A,2,16508,0.01,ActiveDriverDB,0
O14497,696,G701C,701,ARID1A,1,16508,0.01,ActiveDriverDB,0
O14497,696,I692N,692,ARID1A,1,16508,0.01,ActiveDriverDB,0
O14497,698,G701C,701,ARID1A,1,16508,0.01,ActiveDriverDB,0
O14497,698,I692N,692,ARID1A,1,16508,0.01,ActiveDriverDB,0
O14497,702,G701C,701,ARID1A,1,16508,0.01,ActiveDriverDB,0
O14497,705,G701C,701,ARID1A,1,16508,0.01,ActiveDriverDB,0
O14497,711,S715L,715,ARID1A,2,16508,0.01,ActiveDriverDB,0
O14497,715,S715L,715,ARID1A,2,16508,0.01,ActiveDriverDB,0
O14497,745,S740F,740,ARID1A,1,16508,0.01,ActiveDriverDB,0
O14497,745,S745N,745,ARID1A,1,16508,0.01,ActiveDriverDB,0
O14497,745,M741I,741,ARID1A,1,16508,0.01,ActiveDriverDB,0
O14497,764,A770T,770,ARID1A,1,16508,0.01,ActiveDriverDB,0
O14497,769,A770T,770,ARID1A,1,16508,0.01,ActiveDriverDB;ActiveDriverDB,0
O14497,769,P773L,773,ARID1A,1,16508,0.01,ActiveDriverDB;ActiveDriverDB,0
O14497,769,R774H,774,ARID1A,2,16508,0.01,ActiveDriverDB,0
O14497,772,A770T,770,ARID1A,1,16508,0.01,ActiveDriverDB;ActiveDriverDB,0
O14497,772,P773L,773,ARID1A,1,16508,0.01,ActiveDriverDB;ActiveDriverDB,0
O14497,772,R774H,774,ARID1A,2,16508,0.01,ActiveDriverDB,0
O14497,1184,S1184L,1184,ARID1A,1,16508,0.01,Biomuta,0
O14497,1204,N1203Y,1203,ARID1A,1,16508,0.01,ActiveDriverDB,0
O14497,1206,N1203Y,1203,ARID1A,1,16508,0.01,ActiveDriverDB,0
O14497,1225,Y1226C,1226,ARID1A,1,16508,0.01,ActiveDriverDB;ActiveDriverDB,0
O14497,1225,S1225C,1225,ARID1A,1,16508,0.01,ActiveDriverDB;ActiveDriverDB,0
O14497,1225,M1221R,1221,ARID1A,1,16508,0.01,ActiveDriverDB,0
O14497,1233,Y1226C,1226,ARID1A,1,16508,0.01,ActiveDriverDB,0
O14497,1233,A1239T,1239,ARID1A,2,16508,0.01,ActiveDriverDB,0
O14497,1235,A1239T,1239,ARID1A,2,16508,0.01,ActiveDriverDB,0
O14497,1350,Q1357L,1357,ARID1A,2,16508,0.01,ActiveDriverDB,0
O14497,1506,Q1512H,1512,ARID1A,2,16508,0.01,ActiveDriverDB,0
O14497,1506,Y1508C,1508,ARID1A,1,16508,0.01,ActiveDriverDB,0
O14497,1506,G1500V,1500,ARID1A,1,16508,0.01,ActiveDriverDB,0
O14497,1508,Q1512H,1512,ARID1A,2,16508,0.01,ActiveDriverDB,0
O14497,1508,Y1508C,1508,ARID1A,1,16508,0.01,ActiveDriverDB,0
O14497,1513,Q1512H,1512,ARID1A,2,16508,0.01,ActiveDriverDB,0
O14497,1513,Y1508C,1508,ARID1A,1,16508,0.01,ActiveDriverDB,0
O14497,1514,Q1512H,1512,ARID1A,2,16508,0.01,ActiveDriverDB,0
O14497,1514,Y1508C,1508,ARID1A,1,16508,0.01,ActiveDriverDB,0
O14497,1544,R1551H,1551,ARID1A,2,16508,0.01,ActiveDriverDB,0
O14647,1584,S1590C,1590,CHD2,2,16508,0.01,ActiveDriverDB;ActiveDriverDB,0
O14647,1584,S1586F,1586,CHD2,1,16508,0.01,ActiveDriverDB,0
O14647,1590,S1590C,1590,CHD2,2,16508,0.01,ActiveDriverDB;ActiveDriverDB,0
O14647,1590,S1586F,1586,CHD2,1,16508,0.01,ActiveDriverDB,0
O14654,501,G498D,498,IRS4,2,16508,0.01,ActiveDriverDB,0
O14654,570,G565V,565,IRS4,1,16508,0.01,ActiveDriverDB,0
O14654,570,G571V,571,IRS4,1,16508,0.01,ActiveDriverDB,0
O14654,588,G589W,589,IRS4,1,16508,0.01,ActiveDriverDB,0
O15164,660,S667F,667,TRIM24,1,16508,0.01,ActiveDriverDB,0
O15164,663,S667F,667,TRIM24,1,16508,0.01,ActiveDriverDB,0
O15164,667,S667F,667,TRIM24,1,16508,0.01,Biomuta;ActiveDriverDB,0
O15534,27,G24V,24,PER1,1,16508,0.01,ActiveDriverDB,0
O15534,27,S27F,27,PER1,1,16508,0.01,ActiveDriverDB,0
O15534,687,P693S,693,PER1,1,16508,0.01,ActiveDriverDB,0
O15534,692,P693S,693,PER1,1,16508,0.01,ActiveDriverDB,0
O15534,1100,E1107K,1107,PER1,1,16508,0.01,ActiveDriverDB,0
O15534,1103,E1107K,1107,PER1,1,16508,0.01,ActiveDriverDB,0
O15534,1104,E1107K,1107,PER1,1,16508,0.01,ActiveDriverDB,0
O43524,399,P397S,397,FOXO3,1,16508,0.01,ActiveDriverDB,0
O43524,399,S402L,402,FOXO3,1,16508,0.01,ActiveDriverDB,0
O43524,402,P397S,397,FOXO3,1,16508,0.01,ActiveDriverDB,0
O43524,402,S402L,402,FOXO3,1,16508,0.01,ActiveDriverDB,0
O43524,413,S412C,412,FOXO3,1,16508,0.01,ActiveDriverDB,0
O43524,421,S425F,425,FOXO3,1,16508,0.01,ActiveDriverDB,0
O43524,425,S425F,425,FOXO3,1,16508,0.01,ActiveDriverDB,0
O43524,427,S425F,425,FOXO3,1,16508,0.01,ActiveDriverDB,0
O43524,553,S560I,560,FOXO3,1,16508,0.01,ActiveDriverDB,0
O43524,555,S560I,560,FOXO3,1,16508,0.01,ActiveDriverDB,0
O43524,574,M580I,580,FOXO3,1,16508,0.01,ActiveDriverDB,0
O60716,217,P222R,222,CTNND1,1,16508,0.01,ActiveDriverDB,0
O60716,221,P222R,222,CTNND1,1,16508,0.01,ActiveDriverDB,0
O60716,228,P222R,222,CTNND1,1,16508,0.01,ActiveDriverDB,0
O60861,163,S163P,163,GAS7,1,16508,0.01,Biomuta,0
O75175,291,D285H,285,CNOT3,1,16508,0.01,ActiveDriverDB;ActiveDriverDB,0
O75175,291,D284G,284,CNOT3,1,16508,0.01,ActiveDriverDB,0
O75175,292,D285H,285,CNOT3,1,16508,0.01,ActiveDriverDB;ActiveDriverDB,0
O75175,294,P300L,300,CNOT3,1,16508,0.01,ActiveDriverDB,0
O75175,297,P300L,300,CNOT3,1,16508,0.01,ActiveDriverDB,0
O75175,299,P300L,300,CNOT3,1,16508,0.01,ActiveDriverDB,0
O75175,299,S299Y,299,CNOT3,1,16508,0.01,Biomuta,0
O75376,1472,T1479I,1479,NCOR1,1,16508,0.01,ActiveDriverDB,0
O75376,1479,R1482W,1482,NCOR1,2,16508,0.01,ActiveDriverDB;ActiveDriverDB,0
O75376,1479,T1479I,1479,NCOR1,1,16508,0.01,ActiveDriverDB;ActiveDriverDB,0
O75376,1484,R1482W,1482,NCOR1,2,16508,0.01,ActiveDriverDB;ActiveDriverDB,0
O75376,1484,T1479I,1479,NCOR1,1,16508,0.01,ActiveDriverDB;ActiveDriverDB,0
O75376,1496,T1502S,1502,NCOR1,1,16508,0.01,ActiveDriverDB,0
O75376,1522,H1515Y,1515,NCOR1,1,16508,0.01,ActiveDriverDB,0
O75533,248,D255N,255,SF3B1,1,16508,0.01,ActiveDriverDB,0
O75533,251,D255N,255,SF3B1,1,16508,0.01,ActiveDriverDB,0
O75533,251,P258L,258,SF3B1,1,16508,0.01,ActiveDriverDB,0
O75533,257,D255N,255,SF3B1,1,16508,0.01,ActiveDriverDB,0
O75533,257,P258L,258,SF3B1,1,16508,0.01,ActiveDriverDB,0
O75533,259,D255N,255,SF3B1,1,16508,0.01,ActiveDriverDB,0
O75533,259,P258L,258,SF3B1,1,16508,0.01,ActiveDriverDB,0
O75533,261,D255N,255,SF3B1,1,16508,0.01,ActiveDriverDB,0
O75533,261,P258L,258,SF3B1,1,16508,0.01,ActiveDriverDB,0
O75533,261,T267N,267,SF3B1,1,16508,0.01,ActiveDriverDB,0
O75533,267,T267N,267,SF3B1,1,16508,0.01,Biomuta,0
O75533,267,P274L,274,SF3B1,1,16508,0.01,ActiveDriverDB,0
O75533,273,A277S,277,SF3B1,1,16508,0.01,ActiveDriverDB,0
O75533,273,T267N,267,SF3B1,1,16508,0.01,ActiveDriverDB,0
O75533,273,P274L,274,SF3B1,1,16508,0.01,ActiveDriverDB,0
O75533,278,A277S,277,SF3B1,1,16508,0.01,ActiveDriverDB,0
O75533,278,P274L,274,SF3B1,1,16508,0.01,ActiveDriverDB,0
O75533,285,S286C,286,SF3B1,1,16508,0.01,ActiveDriverDB,0
O75533,285,R292K,292,SF3B1,1,16508,0.01,ActiveDriverDB,0
O75533,287,S286C,286,SF3B1,1,16508,0.01,ActiveDriverDB,0
O75533,287,R292K,292,SF3B1,1,16508,0.01,ActiveDriverDB,0
O75533,296,R292K,292,SF3B1,1,16508,0.01,ActiveDriverDB,0
O75533,299,R292K,292,SF3B1,1,16508,0.01,ActiveDriverDB,0
O75533,303,S308R,308,SF3B1,1,16508,0.01,ActiveDriverDB,0
O75533,308,S308R,308,SF3B1,1,16508,0.01,ActiveDriverDB,0
O75533,313,S308R,308,SF3B1,1,16508,0.01,ActiveDriverDB,0
O75533,316,D321V,321,SF3B1,1,16508,0.01,ActiveDriverDB,0
O75533,322,D321V,321,SF3B1,1,16508,0.01,ActiveDriverDB,0
O75533,326,D321V,321,SF3B1,1,16508,0.01,ActiveDriverDB,0
O75533,328,D321V,321,SF3B1,1,16508,0.01,ActiveDriverDB,0
O75533,344,P351L,351,SF3B1,1,16508,0.01,ActiveDriverDB;ActiveDriverDB,0
O75533,349,P351L,351,SF3B1,1,16508,0.01,ActiveDriverDB;ActiveDriverDB,0
O75533,350,P351L,351,SF3B1,1,16508,0.01,ActiveDriverDB;ActiveDriverDB,0
O75533,354,P351L,351,SF3B1,1,16508,0.01,ActiveDriverDB;ActiveDriverDB,0
O75626,359,G366C,366,PRDM1,1,16508,0.01,ActiveDriverDB,0
O75626,361,G366C,366,PRDM1,1,16508,0.01,ActiveDriverDB,0
O95835,462,V460M,460,LATS1,1,16508,0.01,ActiveDriverDB,0
O95835,462,N463S,463,LATS1,1,16508,0.01,ActiveDriverDB,0
O95835,462,S464F,464,LATS1,2,16508,0.01,ActiveDriverDB,0
O95835,464,V460M,460,LATS1,1,16508,0.01,ActiveDriverDB,0
O95835,464,N471S,471,LATS1,1,16508,0.01,ActiveDriverDB;ActiveDriverDB,0
O95835,464,N463S,463,LATS1,1,16508,0.01,ActiveDriverDB;ActiveDriverDB,0
O95835,464,S464F,464,LATS1,2,16508,0.01,Biomuta,0
O95835,490,P493S,493,LATS1,1,16508,0.01,ActiveDriverDB,0
O95835,490,A483T,483,LATS1,1,16508,0.01,ActiveDriverDB,0
O96017,12,C18Y,18,CHEK2,1,16508,0.01,ActiveDriverDB;ActiveDriverDB;ActiveDriverDB;ActiveDriverDB;ActiveDriverDB;ActiveDriverDB;ActiveDriverDB;ActiveDriverDB;ActiveDriverDB;ActiveDriverDB;ActiveDriverDB;ActiveDriverDB;ActiveDriverDB;ActiveDriverDB;ActiveDriverDB,0
O96017,12,S16N,16,CHEK2,1,16508,0.01,ActiveDriverDB;ActiveDriverDB;ActiveDriverDB;ActiveDriverDB;ActiveDriverDB;ActiveDriverDB;ActiveDriverDB;ActiveDriverDB;ActiveDriverDB;ActiveDriverDB;ActiveDriverDB;ActiveDriverDB;ActiveDriverDB;ActiveDriverDB;ActiveDriverDB,0
O96017,12,S12T,12,CHEK2,1,16508,0.01,ActiveDriverDB;ActiveDriverDB;ActiveDriverDB;ActiveDriverDB;ActiveDriverDB;ActiveDriverDB;ActiveDriverDB;ActiveDriverDB;ActiveDriverDB;ActiveDriverDB;ActiveDriverDB;ActiveDriverDB;ActiveDriverDB;ActiveDriverDB;ActiveDriverDB,0
O96017,15,C18Y,18,CHEK2,1,16508,0.01,ActiveDriverDB;ActiveDriverDB;ActiveDriverDB;ActiveDriverDB;ActiveDriverDB;ActiveDriverDB;ActiveDriverDB;ActiveDriverDB;ActiveDriverDB;ActiveDriverDB;ActiveDriverDB;ActiveDriverDB;ActiveDriverDB;ActiveDriverDB;ActiveDriverDB,0
O96017,15,S16N,16,CHEK2,1,16508,0.01,ActiveDriverDB;ActiveDriverDB;ActiveDriverDB;ActiveDriverDB;ActiveDriverDB;ActiveDriverDB;ActiveDriverDB;ActiveDriverDB;ActiveDriverDB;ActiveDriverDB;ActiveDriverDB;ActiveDriverDB;ActiveDriverDB;ActiveDriverDB;ActiveDriverDB,0
O96017,15,S12T,12,CHEK2,1,16508,0.01,ActiveDriverDB;ActiveDriverDB;ActiveDriverDB;ActiveDriverDB;ActiveDriverDB;ActiveDriverDB;ActiveDriverDB;ActiveDriverDB;ActiveDriverDB;ActiveDriverDB;ActiveDriverDB;ActiveDriverDB;ActiveDriverDB;ActiveDriverDB;ActiveDriverDB,0
O96017,19,C18Y,18,CHEK2,1,16508,0.01,ActiveDriverDB;ActiveDriverDB;ActiveDriverDB;ActiveDriverDB;ActiveDriverDB;ActiveDriverDB;ActiveDriverDB;ActiveDriverDB;ActiveDriverDB;ActiveDriverDB;ActiveDriverDB;ActiveDriverDB;ActiveDriverDB;ActiveDriverDB;ActiveDriverDB,0
O96017,19,S16N,16,CHEK2,1,16508,0.01,ActiveDriverDB;ActiveDriverDB;ActiveDriverDB;ActiveDriverDB;ActiveDriverDB;ActiveDriverDB;ActiveDriverDB;ActiveDriverDB;ActiveDriverDB;ActiveDriverDB;ActiveDriverDB;ActiveDriverDB;ActiveDriverDB;ActiveDriverDB;ActiveDriverDB,0
O96017,19,V25A,25,CHEK2,1,16508,0.01,ActiveDriverDB;ActiveDriverDB;ActiveDriverDB;ActiveDriverDB;ActiveDriverDB;ActiveDriverDB;ActiveDriverDB;ActiveDriverDB;ActiveDriverDB;ActiveDriverDB;ActiveDriverDB;ActiveDriverDB;ActiveDriverDB;ActiveDriverDB;ActiveDriverDB,0
O96017,19,S12T,12,CHEK2,1,16508,0.01,ActiveDriverDB;ActiveDriverDB;ActiveDriverDB;ActiveDriverDB;ActiveDriverDB;ActiveDriverDB;ActiveDriverDB;ActiveDriverDB;ActiveDriverDB;ActiveDriverDB;ActiveDriverDB;ActiveDriverDB;ActiveDriverDB;ActiveDriverDB;ActiveDriverDB,0
O96017,19,G23D,23,CHEK2,1,16508,0.01,ActiveDriverDB;ActiveDriverDB;ActiveDriverDB;ActiveDriverDB;ActiveDriverDB;ActiveDriverDB;ActiveDriverDB;ActiveDriverDB,0
O96017,24,C18Y,18,CHEK2,1,16508,0.01,ActiveDriverDB;ActiveDriverDB;ActiveDriverDB;ActiveDriverDB;ActiveDriverDB;ActiveDriverDB;ActiveDriverDB;ActiveDriverDB;ActiveDriverDB;ActiveDriverDB;ActiveDriverDB;ActiveDriverDB;ActiveDriverDB,0
O96017,24,G30S,30,CHEK2,1,16508,0.01,ActiveDriverDB;ActiveDriverDB;ActiveDriverDB;ActiveDriverDB;ActiveDriverDB;ActiveDriverDB;ActiveDriverDB;ActiveDriverDB;ActiveDriverDB;ActiveDriverDB;ActiveDriverDB;ActiveDriverDB;ActiveDriverDB,0
O96017,24,V25A,25,CHEK2,1,16508,0.01,ActiveDriverDB;ActiveDriverDB;ActiveDriverDB;ActiveDriverDB;ActiveDriverDB;ActiveDriverDB;ActiveDriverDB;ActiveDriverDB;ActiveDriverDB;ActiveDriverDB;ActiveDriverDB;ActiveDriverDB;ActiveDriverDB,0
O96017,24,G23D,23,CHEK2,1,16508,0.01,ActiveDriverDB;ActiveDriverDB;ActiveDriverDB;ActiveDriverDB;ActiveDriverDB;ActiveDriverDB;ActiveDriverDB;ActiveDriverDB,0
O96017,26,V25A,25,CHEK2,1,16508,0.01,ActiveDriverDB;ActiveDriverDB;ActiveDriverDB;ActiveDriverDB;ActiveDriverDB;ActiveDriverDB;ActiveDriverDB;ActiveDriverDB;ActiveDriverDB;ActiveDriverDB,0
O96017,26,G30D,30,CHEK2,1,16508,0.01,ActiveDriverDB;ActiveDriverDB;ActiveDriverDB;ActiveDriverDB;ActiveDriverDB;ActiveDriverDB;ActiveDriverDB,0
O96017,26,G23D,23,CHEK2,1,16508,0.01,ActiveDriverDB;ActiveDriverDB;ActiveDriverDB;ActiveDriverDB;ActiveDriverDB;ActiveDriverDB;ActiveDriverDB,0
O96017,28,G30S,30,CHEK2,1,16508,0.01,ActiveDriverDB;ActiveDriverDB;ActiveDriverDB;ActiveDriverDB;ActiveDriverDB;ActiveDriverDB;ActiveDriverDB;ActiveDriverDB;ActiveDriverDB;ActiveDriverDB,0
O96017,28,V25A,25,CHEK2,1,16508,0.01,ActiveDriverDB;ActiveDriverDB;ActiveDriverDB;ActiveDriverDB;ActiveDriverDB;ActiveDriverDB;ActiveDriverDB;ActiveDriverDB;ActiveDriverDB;ActiveDriverDB,0
O96017,28,G23D,23,CHEK2,1,16508,0.01,ActiveDriverDB;ActiveDriverDB;ActiveDriverDB;ActiveDriverDB;ActiveDriverDB;ActiveDriverDB;ActiveDriverDB;ActiveDriverDB;ActiveDriverDB;ActiveDriverDB;ActiveDriverDB;ActiveDriverDB,0
O96017,33,G30D,30,CHEK2,1,16508,0.01,ActiveDriverDB;ActiveDriverDB;ActiveDriverDB;ActiveDriverDB;ActiveDriverDB;ActiveDriverDB;ActiveDriverDB;ActiveDriverDB;ActiveDriverDB;ActiveDriverDB,0
O96017,35,S42C,42,CHEK2,1,16508,0.01,ActiveDriverDB,0
O96017,35,G30S,30,CHEK2,1,16508,0.01,ActiveDriverDB;ActiveDriverDB;ActiveDriverDB;ActiveDriverDB;ActiveDriverDB;ActiveDriverDB;ActiveDriverDB;ActiveDriverDB;ActiveDriverDB;ActiveDriverDB,0
O96017,39,S42C,42,CHEK2,1,16508,0.01,ActiveDriverDB,0
O96017,39,T45M,45,CHEK2,1,16508,0.01,ActiveDriverDB;ActiveDriverDB;ActiveDriverDB;ActiveDriverDB;ActiveDriverDB;ActiveDriverDB;ActiveDriverDB;ActiveDriverDB;ActiveDriverDB;ActiveDriverDB;ActiveDriverDB;ActiveDriverDB;ActiveDriverDB,0
O96017,39,T43A,43,CHEK2,1,16508,0.01,ActiveDriverDB;ActiveDriverDB;ActiveDriverDB;ActiveDriverDB;ActiveDriverDB;ActiveDriverDB;ActiveDriverDB;ActiveDriverDB;ActiveDriverDB;ActiveDriverDB;ActiveDriverDB;ActiveDriverDB;ActiveDriverDB,0
O96017,40,S42C,42,CHEK2,1,16508,0.01,ActiveDriverDB,0
O96017,40,T45M,45,CHEK2,1,16508,0.01,ActiveDriverDB;ActiveDriverDB;ActiveDriverDB;ActiveDriverDB;ActiveDriverDB;ActiveDriverDB;ActiveDriverDB;ActiveDriverDB;ActiveDriverDB;ActiveDriverDB;ActiveDriverDB;ActiveDriverDB,0
O96017,40,T43A,43,CHEK2,1,16508,0.01,ActiveDriverDB;ActiveDriverDB;ActiveDriverDB;ActiveDriverDB;ActiveDriverDB;ActiveDriverDB;ActiveDriverDB;ActiveDriverDB;ActiveDriverDB;ActiveDriverDB;ActiveDriverDB;ActiveDriverDB,0
O96017,41,S42C,42,CHEK2,1,16508,0.01,ActiveDriverDB,0
O96017,41,T45M,45,CHEK2,1,16508,0.01,ActiveDriverDB;ActiveDriverDB;ActiveDriverDB;ActiveDriverDB;ActiveDriverDB;ActiveDriverDB;ActiveDriverDB;ActiveDriverDB;ActiveDriverDB;ActiveDriverDB;ActiveDriverDB;ActiveDriverDB;ActiveDriverDB,0
O96017,41,T43A,43,CHEK2,1,16508,0.01,ActiveDriverDB;ActiveDriverDB;ActiveDriverDB;ActiveDriverDB;ActiveDriverDB;ActiveDriverDB;ActiveDriverDB;ActiveDriverDB;ActiveDriverDB;ActiveDriverDB;ActiveDriverDB;ActiveDriverDB;ActiveDriverDB,0
O96017,42,S42C,42,CHEK2,1,16508,0.01,ActiveDriverDB,0
O96017,42,T45M,45,CHEK2,1,16508,0.01,ActiveDriverDB;ActiveDriverDB;ActiveDriverDB;ActiveDriverDB;ActiveDriverDB;ActiveDriverDB;ActiveDriverDB;ActiveDriverDB;ActiveDriverDB;ActiveDriverDB;ActiveDriverDB;ActiveDriverDB;ActiveDriverDB;ActiveDriverDB;ActiveDriverDB;ActiveDriverDB,0
O96017,42,T43A,43,CHEK2,1,16508,0.01,ActiveDriverDB;ActiveDriverDB;ActiveDriverDB;ActiveDriverDB;ActiveDriverDB;ActiveDriverDB;ActiveDriverDB;ActiveDriverDB;ActiveDriverDB;ActiveDriverDB;ActiveDriverDB;ActiveDriverDB;ActiveDriverDB;ActiveDriverDB;ActiveDriverDB;ActiveDriverDB,0
O96017,43,S42C,42,CHEK2,1,16508,0.01,ActiveDriverDB,0
O96017,43,T45M,45,CHEK2,1,16508,0.01,ActiveDriverDB;ActiveDriverDB;ActiveDriverDB;ActiveDriverDB;ActiveDriverDB;ActiveDriverDB;ActiveDriverDB;ActiveDriverDB;ActiveDriverDB;ActiveDriverDB;ActiveDriverDB;ActiveDriverDB;ActiveDriverDB;ActiveDriverDB;ActiveDriverDB;ActiveDriverDB,0
O96017,43,T43A,43,CHEK2,1,16508,0.01,ActiveDriverDB;ActiveDriverDB;ActiveDriverDB;ActiveDriverDB;ActiveDriverDB;ActiveDriverDB;ActiveDriverDB;ActiveDriverDB;ActiveDriverDB;ActiveDriverDB;ActiveDriverDB;ActiveDriverDB;ActiveDriverDB;ActiveDriverDB;ActiveDriverDB;ActiveDriverDB,0
O96017,44,S42C,42,CHEK2,1,16508,0.01,ActiveDriverDB,0
O96017,44,Q51R,51,CHEK2,1,16508,0.01,ActiveDriverDB;ActiveDriverDB;ActiveDriverDB;ActiveDriverDB;ActiveDriverDB;ActiveDriverDB;ActiveDriverDB;ActiveDriverDB;ActiveDriverDB;ActiveDriverDB;ActiveDriverDB;ActiveDriverDB;ActiveDriverDB;ActiveDriverDB;ActiveDriverDB;ActiveDriverDB;ActiveDriverDB;ActiveDriverDB,0
O96017,44,T45M,45,CHEK2,1,16508,0.01,ActiveDriverDB;ActiveDriverDB;ActiveDriverDB;ActiveDriverDB;ActiveDriverDB;ActiveDriverDB;ActiveDriverDB;ActiveDriverDB;ActiveDriverDB;ActiveDriverDB;ActiveDriverDB;ActiveDriverDB;ActiveDriverDB;ActiveDriverDB;ActiveDriverDB;ActiveDriverDB;ActiveDriverDB;ActiveDriverDB,0
O96017,44,T43A,43,CHEK2,1,16508,0.01,ActiveDriverDB;ActiveDriverDB;ActiveDriverDB;ActiveDriverDB;ActiveDriverDB;ActiveDriverDB;ActiveDriverDB;ActiveDriverDB;ActiveDriverDB;ActiveDriverDB;ActiveDriverDB;ActiveDriverDB;ActiveDriverDB;ActiveDriverDB;ActiveDriverDB;ActiveDriverDB;ActiveDriverDB;ActiveDriverDB,0
O96017,45,S42C,42,CHEK2,1,16508,0.01,ActiveDriverDB,0
O96017,45,Q51R,51,CHEK2,1,16508,0.01,ActiveDriverDB;ActiveDriverDB;ActiveDriverDB;ActiveDriverDB;ActiveDriverDB;ActiveDriverDB;ActiveDriverDB;ActiveDriverDB;ActiveDriverDB;ActiveDriverDB;ActiveDriverDB;ActiveDriverDB;ActiveDriverDB;ActiveDriverDB;ActiveDriverDB;ActiveDriverDB;ActiveDriverDB;ActiveDriverDB,0
O96017,45,T45M,45,CHEK2,1,16508,0.01,ActiveDriverDB;ActiveDriverDB;ActiveDriverDB;ActiveDriverDB;ActiveDriverDB;ActiveDriverDB;ActiveDriverDB;ActiveDriverDB;ActiveDriverDB;ActiveDriverDB;ActiveDriverDB;ActiveDriverDB;ActiveDriverDB;ActiveDriverDB;ActiveDriverDB;ActiveDriverDB;ActiveDriverDB;ActiveDriverDB,0
O96017,45,T43A,43,CHEK2,1,16508,0.01,ActiveDriverDB;ActiveDriverDB;ActiveDriverDB;ActiveDriverDB;ActiveDriverDB;ActiveDriverDB;ActiveDriverDB;ActiveDriverDB;ActiveDriverDB;ActiveDriverDB;ActiveDriverDB;ActiveDriverDB;ActiveDriverDB;ActiveDriverDB;ActiveDriverDB;ActiveDriverDB;ActiveDriverDB;ActiveDriverDB,0
O96017,50,S53F,53,CHEK2,1,16508,0.01,ActiveDriverDB,0
O96017,50,Q51R,51,CHEK2,1,16508,0.01,ActiveDriverDB;ActiveDriverDB;ActiveDriverDB;ActiveDriverDB;ActiveDriverDB;ActiveDriverDB;ActiveDriverDB;ActiveDriverDB;ActiveDriverDB;ActiveDriverDB;ActiveDriverDB;ActiveDriverDB;ActiveDriverDB;ActiveDriverDB;ActiveDriverDB;ActiveDriverDB;ActiveDriverDB,0
O96017,50,T45M,45,CHEK2,1,16508,0.01,ActiveDriverDB;ActiveDriverDB;ActiveDriverDB;ActiveDriverDB;ActiveDriverDB;ActiveDriverDB;ActiveDriverDB;ActiveDriverDB;ActiveDriverDB;ActiveDriverDB;ActiveDriverDB;ActiveDriverDB;ActiveDriverDB;ActiveDriverDB;ActiveDriverDB;ActiveDriverDB;ActiveDriverDB,0
O96017,50,T43A,43,CHEK2,1,16508,0.01,ActiveDriverDB;ActiveDriverDB;ActiveDriverDB;ActiveDriverDB;ActiveDriverDB;ActiveDriverDB;ActiveDriverDB;ActiveDriverDB;ActiveDriverDB;ActiveDriverDB;ActiveDriverDB;ActiveDriverDB;ActiveDriverDB;ActiveDriverDB;ActiveDriverDB;ActiveDriverDB;ActiveDriverDB,0
O96017,50,S56G,56,CHEK2,1,16508,0.01,ActiveDriverDB;ActiveDriverDB;ActiveDriverDB;ActiveDriverDB;ActiveDriverDB;ActiveDriverDB,0
O96017,52,S53F,53,CHEK2,1,16508,0.01,ActiveDriverDB,0
O96017,52,Q51R,51,CHEK2,1,16508,0.01,ActiveDriverDB;ActiveDriverDB;ActiveDriverDB;ActiveDriverDB;ActiveDriverDB;ActiveDriverDB;ActiveDriverDB;ActiveDriverDB;ActiveDriverDB;ActiveDriverDB;ActiveDriverDB;ActiveDriverDB;ActiveDriverDB;ActiveDriverDB;ActiveDriverDB;ActiveDriverDB;ActiveDriverDB,0
O96017,52,T45M,45,CHEK2,1,16508,0.01,ActiveDriverDB;ActiveDriverDB;ActiveDriverDB;ActiveDriverDB;ActiveDriverDB;ActiveDriverDB;ActiveDriverDB;ActiveDriverDB;ActiveDriverDB;ActiveDriverDB;ActiveDriverDB;ActiveDriverDB;ActiveDriverDB;ActiveDriverDB;ActiveDriverDB;ActiveDriverDB;ActiveDriverDB,0
O96017,52,S56G,56,CHEK2,1,16508,0.01,ActiveDriverDB;ActiveDriverDB;ActiveDriverDB;ActiveDriverDB;ActiveDriverDB;ActiveDriverDB,0
O96017,55,S53F,53,CHEK2,1,16508,0.01,ActiveDriverDB,0
O96017,55,Q51R,51,CHEK2,1,16508,0.01,ActiveDriverDB;ActiveDriverDB;ActiveDriverDB;ActiveDriverDB;ActiveDriverDB;ActiveDriverDB;ActiveDriverDB;ActiveDriverDB;ActiveDriverDB;ActiveDriverDB;ActiveDriverDB;ActiveDriverDB;ActiveDriverDB;ActiveDriverDB;ActiveDriverDB;ActiveDriverDB;ActiveDriverDB,0
O96017,55,S62F,62,CHEK2,1,16508,0.01,ActiveDriverDB;ActiveDriverDB;ActiveDriverDB;ActiveDriverDB;ActiveDriverDB;ActiveDriverDB;ActiveDriverDB,0
O96017,55,S56G,56,CHEK2,1,16508,0.01,ActiveDriverDB;ActiveDriverDB;ActiveDriverDB;ActiveDriverDB;ActiveDriverDB;ActiveDriverDB;ActiveDriverDB,0
O96017,59,E64K,64,CHEK2,1,16508,0.01,PhosphoSitePlus,0
O96017,62,Q69L,69,CHEK2,1,16508,0.01,ActiveDriverDB;ActiveDriverDB;ActiveDriverDB;ActiveDriverDB;ActiveDriverDB;ActiveDriverDB;ActiveDriverDB;ActiveDriverDB;ActiveDriverDB;ActiveDriverDB;ActiveDriverDB;ActiveDriverDB;ActiveDriverDB;ActiveDriverDB;ActiveDriverDB;ActiveDriverDB;ActiveDriverDB;ActiveDriverDB;ActiveDriverDB;ActiveDriverDB,0
O96017,62,E64G,64,CHEK2,1,16508,0.01,ActiveDriverDB;ActiveDriverDB;ActiveDriverDB;ActiveDriverDB;ActiveDriverDB;ActiveDriverDB;ActiveDriverDB;ActiveDriverDB;ActiveDriverDB;ActiveDriverDB;ActiveDriverDB;ActiveDriverDB;ActiveDriverDB;ActiveDriverDB;ActiveDriverDB;ActiveDriverDB;ActiveDriverDB;ActiveDriverDB;ActiveDriverDB;ActiveDriverDB,0
O96017,62,S62F,62,CHEK2,1,16508,0.01,ActiveDriverDB;ActiveDriverDB;ActiveDriverDB;ActiveDriverDB;ActiveDriverDB;ActiveDriverDB;ActiveDriverDB,0
O96017,62,S56G,56,CHEK2,1,16508,0.01,ActiveDriverDB;ActiveDriverDB;ActiveDriverDB;ActiveDriverDB;ActiveDriverDB;ActiveDriverDB;ActiveDriverDB,0
O96017,65,E70G,70,CHEK2,1,16508,0.01,ActiveDriverDB,0
O96017,65,Q69L,69,CHEK2,1,16508,0.01,ActiveDriverDB;ActiveDriverDB;ActiveDriverDB;ActiveDriverDB;ActiveDriverDB;ActiveDriverDB;ActiveDriverDB;ActiveDriverDB;ActiveDriverDB;ActiveDriverDB;ActiveDriverDB;ActiveDriverDB;ActiveDriverDB;ActiveDriverDB;ActiveDriverDB;ActiveDriverDB;ActiveDriverDB;ActiveDriverDB;ActiveDriverDB;ActiveDriverDB;ActiveDriverDB,0
O96017,65,E64G,64,CHEK2,1,16508,0.01,ActiveDriverDB;ActiveDriverDB;ActiveDriverDB;ActiveDriverDB;ActiveDriverDB;ActiveDriverDB;ActiveDriverDB;ActiveDriverDB;ActiveDriverDB;ActiveDriverDB;ActiveDriverDB;ActiveDriverDB;ActiveDriverDB;ActiveDriverDB;ActiveDriverDB;ActiveDriverDB;ActiveDriverDB;ActiveDriverDB;ActiveDriverDB;ActiveDriverDB;ActiveDriverDB,0
O96017,65,S62F,62,CHEK2,1,16508,0.01,ActiveDriverDB;ActiveDriverDB;ActiveDriverDB;ActiveDriverDB;ActiveDriverDB,0
O96017,67,E70G,70,CHEK2,1,16508,0.01,ActiveDriverDB,0
O96017,67,Q69L,69,CHEK2,1,16508,0.01,ActiveDriverDB;ActiveDriverDB;ActiveDriverDB;ActiveDriverDB;ActiveDriverDB;ActiveDriverDB;ActiveDriverDB;ActiveDriverDB;ActiveDriverDB;ActiveDriverDB;ActiveDriverDB;ActiveDriverDB;ActiveDriverDB;ActiveDriverDB;ActiveDriverDB;ActiveDriverDB;ActiveDriverDB;ActiveDriverDB,0
O96017,67,E64G,64,CHEK2,1,16508,0.01,ActiveDriverDB;ActiveDriverDB;ActiveDriverDB;ActiveDriverDB;ActiveDriverDB;ActiveDriverDB;ActiveDriverDB;ActiveDriverDB;ActiveDriverDB;ActiveDriverDB;ActiveDriverDB;ActiveDriverDB;ActiveDriverDB;ActiveDriverDB;ActiveDriverDB;ActiveDriverDB;ActiveDriverDB;ActiveDriverDB,0
O96017,67,S62F,62,CHEK2,1,16508,0.01,ActiveDriverDB;ActiveDriverDB;ActiveDriverDB;ActiveDriverDB;ActiveDriverDB;ActiveDriverDB,0
O96017,68,E70G,70,CHEK2,1,16508,0.01,ActiveDriverDB,0
O96017,68,Q69L,69,CHEK2,1,16508,0.01,ActiveDriverDB;ActiveDriverDB;ActiveDriverDB;ActiveDriverDB;ActiveDriverDB;ActiveDriverDB;ActiveDriverDB;ActiveDriverDB;ActiveDriverDB;ActiveDriverDB;ActiveDriverDB;ActiveDriverDB;ActiveDriverDB;ActiveDriverDB;ActiveDriverDB;ActiveDriverDB;ActiveDriverDB,0
O96017,68,E64G,64,CHEK2,1,16508,0.01,ActiveDriverDB;ActiveDriverDB;ActiveDriverDB;ActiveDriverDB;ActiveDriverDB;ActiveDriverDB;ActiveDriverDB;ActiveDriverDB;ActiveDriverDB;ActiveDriverDB;ActiveDriverDB;ActiveDriverDB;ActiveDriverDB;ActiveDriverDB;ActiveDriverDB;ActiveDriverDB;ActiveDriverDB,0
O96017,68,S62F,62,CHEK2,1,16508,0.01,ActiveDriverDB;ActiveDriverDB;ActiveDriverDB;ActiveDriverDB,0
P02452,171,E169D,169,COL1A1,1,16508,0.01,ActiveDriverDB,0
P02452,171,S171L,171,COL1A1,1,16508,0.01,Biomuta,0
P02452,172,E169D,169,COL1A1,1,16508,0.01,ActiveDriverDB,0
P02452,176,E169D,169,COL1A1,1,16508,0.01,ActiveDriverDB,0
P02452,271,M264I,264,COL1A1,1,16508,0.01,ActiveDriverDB,0
P02452,291,G287S,287,COL1A1,1,16508,0.01,PhosphoSitePlus;PhosphoSitePlus;PhosphoSitePlus;ActiveDriverDB;ActiveDriverDB,0
P02452,291,G284A,284,COL1A1,1,16508,0.01,PhosphoSitePlus;PhosphoSitePlus;PhosphoSitePlus;ActiveDriverDB;ActiveDriverDB,0
P02452,513,G509V,509,COL1A1,1,16508,0.01,PhosphoSitePlus;ActiveDriverDB,0
P02452,513,S513F,513,COL1A1,1,16508,0.01,ActiveDriverDB,0
P02452,522,P523S,523,COL1A1,1,16508,0.01,ActiveDriverDB,0
P02452,867,G866S,866,COL1A1,1,16508,0.01,PhosphoSitePlus;PhosphoSitePlus,0
P02452,1023,E1021Q,1021,COL1A1,1,16508,0.01,PhosphoSitePlus;PhosphoSitePlus;PhosphoSitePlus;ActiveDriverDB;ActiveDriverDB,0
P02452,1023,G1016E,1016,COL1A1,1,16508,0.01,ActiveDriverDB;ActiveDriverDB,0
P02452,1125,P1131R,1131,COL1A1,1,16508,0.01,ActiveDriverDB,0
P02452,1125,G1124C,1124,COL1A1,1,16508,0.01,PhosphoSitePlus;ActiveDriverDB,0
P02452,1125,G1118D,1118,COL1A1,1,16508,0.01,ActiveDriverDB;ActiveDriverDB,0
P02452,1125,G1127A,1127,COL1A1,1,16508,0.01,ActiveDriverDB;ActiveDriverDB,0
P02452,1199,S1193N,1193,COL1A1,1,16508,0.01,PhosphoSitePlus;ActiveDriverDB,0
P02452,1199,D1197E,1197,COL1A1,2,16508,0.01,ActiveDriverDB,0
P02452,1247,R1246Q,1246,COL1A1,1,16508,0.01,ActiveDriverDB,0
P02461,143,G139E,139,COL3A1,2,16508,0.01,ActiveDriverDB,0
P02545,590,R584C,584,LMNA,1,16508,0.01,ActiveDriverDB;ActiveDriverDB;ActiveDriverDB;ActiveDriverDB,0
P02545,590,S583L,583,LMNA,2,16508,0.01,ActiveDriverDB;ActiveDriverDB;ActiveDriverDB;ActiveDriverDB,0
P02545,590,C591S,591,LMNA,1,16508,0.01,ActiveDriverDB,0
P02545,599,A605T,605,LMNA,1,16508,0.01,ActiveDriverDB,0
P02545,601,A605T,605,LMNA,1,16508,0.01,ActiveDriverDB,0
P02545,603,A605T,605,LMNA,1,16508,0.01,ActiveDriverDB,0
P02545,615,T621M,621,LMNA,1,16508,0.01,ActiveDriverDB,0
P02545,616,T621M,621,LMNA,1,16508,0.01,ActiveDriverDB,0
P02545,618,R624C,624,LMNA,1,16508,0.01,ActiveDriverDB;ActiveDriverDB;ActiveDriverDB;ActiveDriverDB,0
P02545,618,T621M,621,LMNA,1,16508,0.01,ActiveDriverDB;ActiveDriverDB;ActiveDriverDB;ActiveDriverDB,0
P02545,619,R624C,624,LMNA,1,16508,0.01,ActiveDriverDB;ActiveDriverDB;ActiveDriverDB;ActiveDriverDB,0
P02545,619,T621M,621,LMNA,1,16508,0.01,ActiveDriverDB;ActiveDriverDB;ActiveDriverDB;ActiveDriverDB,0
P02545,621,R624C,624,LMNA,1,16508,0.01,ActiveDriverDB;ActiveDriverDB;ActiveDriverDB;ActiveDriverDB;ActiveDriverDB;ActiveDriverDB,0
P02545,621,T621M,621,LMNA,1,16508,0.01,ActiveDriverDB;ActiveDriverDB;ActiveDriverDB;ActiveDriverDB;ActiveDriverDB;ActiveDriverDB,0
P02545,623,R624C,624,LMNA,1,16508,0.01,ActiveDriverDB;ActiveDriverDB;ActiveDriverDB;ActiveDriverDB;ActiveDriverDB;ActiveDriverDB,0
P02545,623,T621M,621,LMNA,1,16508,0.01,ActiveDriverDB;ActiveDriverDB;ActiveDriverDB;ActiveDriverDB;ActiveDriverDB;ActiveDriverDB,0
P02545,625,R624C,624,LMNA,1,16508,0.01,ActiveDriverDB;ActiveDriverDB;ActiveDriverDB;ActiveDriverDB;ActiveDriverDB;ActiveDriverDB;ActiveDriverDB;ActiveDriverDB,0
P02545,625,T621M,621,LMNA,1,16508,0.01,ActiveDriverDB;ActiveDriverDB;ActiveDriverDB;ActiveDriverDB;ActiveDriverDB;ActiveDriverDB;ActiveDriverDB;ActiveDriverDB,0
P02545,628,G634D,634,LMNA,1,16508,0.01,ActiveDriverDB;ActiveDriverDB,0
P02545,628,R624C,624,LMNA,1,16508,0.01,ActiveDriverDB;ActiveDriverDB;ActiveDriverDB;ActiveDriverDB;ActiveDriverDB;ActiveDriverDB;ActiveDriverDB;ActiveDriverDB;ActiveDriverDB,0
P02545,628,T621M,621,LMNA,1,16508,0.01,ActiveDriverDB;ActiveDriverDB;ActiveDriverDB;ActiveDriverDB;ActiveDriverDB;ActiveDriverDB;ActiveDriverDB;ActiveDriverDB;ActiveDriverDB,0
P02545,632,G634D,634,LMNA,1,16508,0.01,ActiveDriverDB;ActiveDriverDB,0
P02545,636,G634D,634,LMNA,1,16508,0.01,ActiveDriverDB;ActiveDriverDB;ActiveDriverDB,0
P02545,636,L641R,641,LMNA,1,16508,0.01,ActiveDriverDB;ActiveDriverDB;ActiveDriverDB,0
P08151,544,E540K,540,GLI1,1,16508,0.01,ActiveDriverDB,0
P20749,402,S396F,396,BCL3,1,16508,0.01,ActiveDriverDB,0
P20749,402,P407T,407,BCL3,1,16508,0.01,ActiveDriverDB,0
P20749,406,P407T,407,BCL3,1,16508,0.01,ActiveDriverDB,0
P22626,198,R200S,200,HNRNPA2B1,1,16508,0.01,ActiveDriverDB,0
P22626,198,E192K,192,HNRNPA2B1,1,16508,0.01,ActiveDriverDB,0
P22626,201,R200S,200,HNRNPA2B1,1,16508,0.01,ActiveDriverDB,0
P22626,212,G217V,217,HNRNPA2B1,1,16508,0.01,ActiveDriverDB,0
P22626,231,R238S,238,HNRNPA2B1,2,16508,0.01,ActiveDriverDB,0
P22626,231,G233A,233,HNRNPA2B1,1,16508,0.01,ActiveDriverDB,0
P22626,236,R238S,238,HNRNPA2B1,2,16508,0.01,ActiveDriverDB,0
P22626,236,G239R,239,HNRNPA2B1,1,16508,0.01,ActiveDriverDB,0
P22626,236,G233A,233,HNRNPA2B1,1,16508,0.01,ActiveDriverDB,0
P22626,244,R238S,238,HNRNPA2B1,2,16508,0.01,ActiveDriverDB,0
P22626,244,G239R,239,HNRNPA2B1,1,16508,0.01,ActiveDriverDB,0
P22626,244,Y244C,244,HNRNPA2B1,1,16508,0.01,ActiveDriverDB,0
P22626,247,Y244C,244,HNRNPA2B1,1,16508,0.01,ActiveDriverDB,0
P22626,259,G261S,261,HNRNPA2B1,1,16508,0.01,ActiveDriverDB,0
P22626,259,N255Y,255,HNRNPA2B1,1,16508,0.01,ActiveDriverDB,0
P22626,259,G265R,265,HNRNPA2B1,1,16508,0.01,ActiveDriverDB,0
P22626,259,S259C,259,HNRNPA2B1,1,16508,0.01,ActiveDriverDB,0
P22626,262,G261S,261,HNRNPA2B1,1,16508,0.01,ActiveDriverDB,0
P22626,262,N255Y,255,HNRNPA2B1,1,16508,0.01,ActiveDriverDB,0
P22626,262,G265R,265,HNRNPA2B1,1,16508,0.01,ActiveDriverDB,0
P22626,262,S259C,259,HNRNPA2B1,1,16508,0.01,ActiveDriverDB,0
P22626,290,Y290C,290,HNRNPA2B1,2,16508,0.01,ActiveDriverDB,0
P22626,295,Y290C,290,HNRNPA2B1,2,16508,0.01,ActiveDriverDB,0
P22626,297,D302V,302,HNRNPA2B1,1,16508,0.01,PhosphoSitePlus,0
P22626,300,D302V,302,HNRNPA2B1,1,16508,0.01,PhosphoSitePlus,0
P22626,306,D302V,302,HNRNPA2B1,1,16508,0.01,PhosphoSitePlus,0
P22626,324,Y331C,331,HNRNPA2B1,1,16508,0.01,ActiveDriverDB,0
P22626,324,G328W,328,HNRNPA2B1,1,16508,0.01,ActiveDriverDB,0
P22626,331,Y331C,331,HNRNPA2B1,1,16508,0.01,Biomuta,0
P22626,331,Y336C,336,HNRNPA2B1,1,16508,0.01,ActiveDriverDB;ActiveDriverDB,0
P22626,331,G332C,332,HNRNPA2B1,1,16508,0.01,ActiveDriverDB;ActiveDriverDB,0
P22626,331,G328W,328,HNRNPA2B1,1,16508,0.01,ActiveDriverDB,0
P22626,336,Y331C,331,HNRNPA2B1,1,16508,0.01,ActiveDriverDB,0
P22626,336,Y336C,336,HNRNPA2B1,1,16508,0.01,ActiveDriverDB;ActiveDriverDB,0
P22626,336,G332C,332,HNRNPA2B1,1,16508,0.01,ActiveDriverDB;ActiveDriverDB,0
P22626,336,G342E,342,HNRNPA2B1,2,16508,0.01,ActiveDriverDB;ActiveDriverDB,0
P22626,341,Y336C,336,HNRNPA2B1,1,16508,0.01,ActiveDriverDB,0
P22626,341,G342E,342,HNRNPA2B1,2,16508,0.01,ActiveDriverDB;ActiveDriverDB,0
P23246,283,S283C,283,SFPQ,1,16508,0.01,ActiveDriverDB,0
P23246,687,R693I,693,SFPQ,1,16508,0.01,ActiveDriverDB,0
P23246,691,R693I,693,SFPQ,1,16508,0.01,ActiveDriverDB,0
P23246,698,R693I,693,SFPQ,1,16508,0.01,ActiveDriverDB,0
P23769,176,P177S,177,GATA2,1,16508,0.01,ActiveDriverDB,0
P23769,176,P178S,178,GATA2,1,16508,0.01,ActiveDriverDB;ActiveDriverDB;ActiveDriverDB;ActiveDriverDB;ActiveDriverDB;ActiveDriverDB;ActiveDriverDB;ActiveDriverDB;ActiveDriverDB,0
P23769,182,P177S,177,GATA2,1,16508,0.01,ActiveDriverDB,0
P23769,182,P178S,178,GATA2,1,16508,0.01,ActiveDriverDB;ActiveDriverDB;ActiveDriverDB;ActiveDriverDB;ActiveDriverDB;ActiveDriverDB;ActiveDriverDB;ActiveDriverDB;ActiveDriverDB,0
P23769,186,A191T,191,GATA2,1,16508,0.01,ActiveDriverDB;ActiveDriverDB;ActiveDriverDB;ActiveDriverDB;ActiveDriverDB;ActiveDriverDB;ActiveDriverDB;ActiveDriverDB;ActiveDriverDB;ActiveDriverDB;ActiveDriverDB,0
P23769,192,A191T,191,GATA2,1,16508,0.01,ActiveDriverDB;ActiveDriverDB;ActiveDriverDB;ActiveDriverDB;ActiveDriverDB;ActiveDriverDB;ActiveDriverDB;ActiveDriverDB;ActiveDriverDB;ActiveDriverDB,0
P23769,213,D209H,209,GATA2,1,16508,0.01,ActiveDriverDB,0
P23769,213,V211I,211,GATA2,2,16508,0.01,ActiveDriverDB,0
P23769,213,Y213F,213,GATA2,1,16508,0.01,ActiveDriverDB,0
P23769,216,D209H,209,GATA2,1,16508,0.01,ActiveDriverDB,0
P23769,216,V211I,211,GATA2,2,16508,0.01,ActiveDriverDB,0
P23769,216,Y213F,213,GATA2,1,16508,0.01,ActiveDriverDB,0
P23769,220,Y213F,213,GATA2,1,16508,0.01,ActiveDriverDB,0
P25054,2782,R2780T,2780,APC,2,16508,0.01,ActiveDriverDB,0
P25054,2782,G2775A,2775,APC,1,16508,0.01,ActiveDriverDB;ActiveDriverDB;ActiveDriverDB;ActiveDriverDB;ActiveDriverDB,0
P25054,2782,A2779T,2779,APC,1,16508,0.01,ActiveDriverDB;ActiveDriverDB;ActiveDriverDB;ActiveDriverDB;ActiveDriverDB;ActiveDriverDB;ActiveDriverDB;ActiveDriverDB;ActiveDriverDB,0
P25054,2782,S2789G,2789,APC,1,16508,0.01,ActiveDriverDB;ActiveDriverDB;ActiveDriverDB;ActiveDriverDB;ActiveDriverDB;ActiveDriverDB;ActiveDriverDB;ActiveDriverDB;ActiveDriverDB,0
P25054,2782,P2783L,2783,APC,1,16508,0.01,ActiveDriverDB,0
P25054,2789,S2794G,2794,APC,1,16508,0.01,ActiveDriverDB;ActiveDriverDB;ActiveDriverDB;ActiveDriverDB,0
P25054,2789,A2795G,2795,APC,1,16508,0.01,ActiveDriverDB;ActiveDriverDB;ActiveDriverDB;ActiveDriverDB;ActiveDriverDB;ActiveDriverDB;ActiveDriverDB;ActiveDriverDB;ActiveDriverDB;ActiveDriverDB;ActiveDriverDB,0
P25054,2789,S2789G,2789,APC,1,16508,0.01,ActiveDriverDB;ActiveDriverDB;ActiveDriverDB;ActiveDriverDB;ActiveDriverDB;ActiveDriverDB;ActiveDriverDB;ActiveDriverDB;ActiveDriverDB;ActiveDriverDB;ActiveDriverDB,0
P25054,2789,P2783L,2783,APC,1,16508,0.01,ActiveDriverDB,0
P25054,2793,S2794G,2794,APC,1,16508,0.01,ActiveDriverDB;ActiveDriverDB;ActiveDriverDB;ActiveDriverDB,0
P25054,2793,A2795G,2795,APC,1,16508,0.01,ActiveDriverDB;ActiveDriverDB;ActiveDriverDB;ActiveDriverDB;ActiveDriverDB;ActiveDriverDB;ActiveDriverDB;ActiveDriverDB;ActiveDriverDB;ActiveDriverDB;ActiveDriverDB;ActiveDriverDB;ActiveDriverDB;ActiveDriverDB;ActiveDriverDB;ActiveDriverDB,0
P25054,2793,S2789G,2789,APC,1,16508,0.01,ActiveDriverDB;ActiveDriverDB;ActiveDriverDB;ActiveDriverDB;ActiveDriverDB;ActiveDriverDB;ActiveDriverDB;ActiveDriverDB;ActiveDriverDB;ActiveDriverDB;ActiveDriverDB;ActiveDriverDB;ActiveDriverDB;ActiveDriverDB;ActiveDriverDB;ActiveDriverDB,0
P25054,2794,S2794G,2794,APC,1,16508,0.01,ActiveDriverDB;ActiveDriverDB;ActiveDriverDB,0
P25054,2794,A2795G,2795,APC,1,16508,0.01,ActiveDriverDB;ActiveDriverDB;ActiveDriverDB;ActiveDriverDB;ActiveDriverDB;ActiveDriverDB;ActiveDriverDB;ActiveDriverDB;ActiveDriverDB;ActiveDriverDB;ActiveDriverDB;ActiveDriverDB;ActiveDriverDB;ActiveDriverDB;ActiveDriverDB;ActiveDriverDB;ActiveDriverDB,0
P25054,2794,S2789G,2789,APC,1,16508,0.01,ActiveDriverDB;ActiveDriverDB;ActiveDriverDB;ActiveDriverDB;ActiveDriverDB;ActiveDriverDB;ActiveDriverDB;ActiveDriverDB;ActiveDriverDB;ActiveDriverDB;ActiveDriverDB;ActiveDriverDB;ActiveDriverDB;ActiveDriverDB;ActiveDriverDB;ActiveDriverDB;ActiveDriverDB,0
P25054,2794,R2801W,2801,APC,1,16508,0.01,ActiveDriverDB;ActiveDriverDB;ActiveDriverDB;ActiveDriverDB;ActiveDriverDB;ActiveDriverDB;ActiveDriverDB;ActiveDriverDB;ActiveDriverDB;ActiveDriverDB;ActiveDriverDB;ActiveDriverDB;ActiveDriverDB;ActiveDriverDB;ActiveDriverDB;ActiveDriverDB;ActiveDriverDB,0
P25054,2799,S2794G,2794,APC,1,16508,0.01,ActiveDriverDB;ActiveDriverDB;ActiveDriverDB,0
P25054,2799,Q2804E,2804,APC,1,16508,0.01,ActiveDriverDB;ActiveDriverDB;ActiveDriverDB,0
P25054,2799,A2795G,2795,APC,1,16508,0.01,ActiveDriverDB;ActiveDriverDB;ActiveDriverDB;ActiveDriverDB;ActiveDriverDB;ActiveDriverDB;ActiveDriverDB;ActiveDriverDB;ActiveDriverDB;ActiveDriverDB;ActiveDriverDB;ActiveDriverDB;ActiveDriverDB;ActiveDriverDB;ActiveDriverDB,0
P25054,2799,R2801W,2801,APC,1,16508,0.01,ActiveDriverDB;ActiveDriverDB;ActiveDriverDB;ActiveDriverDB;ActiveDriverDB;ActiveDriverDB;ActiveDriverDB;ActiveDriverDB;ActiveDriverDB;ActiveDriverDB;ActiveDriverDB;ActiveDriverDB;ActiveDriverDB;ActiveDriverDB;ActiveDriverDB,0
P25054,2807,Q2804E,2804,APC,1,16508,0.01,ActiveDriverDB;ActiveDriverDB;ActiveDriverDB;ActiveDriverDB;ActiveDriverDB;ActiveDriverDB,0
P25054,2807,R2801W,2801,APC,1,16508,0.01,ActiveDriverDB;ActiveDriverDB;ActiveDriverDB;ActiveDriverDB;ActiveDriverDB;ActiveDriverDB;ActiveDriverDB;ActiveDriverDB;ActiveDriverDB;ActiveDriverDB;ActiveDriverDB;ActiveDriverDB;ActiveDriverDB;ActiveDriverDB;ActiveDriverDB;ActiveDriverDB;ActiveDriverDB,0
P35637,42,D46H,46,FUS,2,16508,0.01,ActiveDriverDB,0
P35637,54,Y50C,50,FUS,1,16508,0.01,ActiveDriverDB,0
P35637,112,S108N,108,FUS,1,16508,0.01,ActiveDriverDB,0
P35637,131,Y136C,136,FUS,1,16508,0.01,ActiveDriverDB,0
P35637,142,Y136C,136,FUS,1,16508,0.01,ActiveDriverDB,0
P35637,221,G214R,214,FUS,1,16508,0.01,ActiveDriverDB,0
P35637,257,G256R,256,FUS,1,16508,0.01,ActiveDriverDB,0
P35637,277,E278K,278,FUS,2,16508,0.01,ActiveDriverDB,0
P35637,286,T286I,286,FUS,1,16508,0.01,Biomuta,0
P35637,397,R394L,394,FUS,1,16508,0.01,ActiveDriverDB;ActiveDriverDB;ActiveDriverDB,0
P35637,468,R472C,472,FUS,1,16508,0.01,ActiveDriverDB;ActiveDriverDB,0
P35637,468,R473H,473,FUS,1,16508,0.01,ActiveDriverDB,0
P35658,610,S616Y,616,NUP214,1,16508,0.01,ActiveDriverDB,0
P35658,613,S616Y,616,NUP214,1,16508,0.01,ActiveDriverDB,0
P35658,621,S616Y,616,NUP214,1,16508,0.01,ActiveDriverDB,0
P35658,631,V637M,637,NUP214,1,16508,0.01,ActiveDriverDB,0
P35658,636,V637M,637,NUP214,1,16508,0.01,ActiveDriverDB,0
P35658,1185,A1190T,1190,NUP214,1,16508,0.01,ActiveDriverDB,0
P35658,1186,A1190T,1190,NUP214,1,16508,0.01,ActiveDriverDB,0
P35658,1217,S1219L,1219,NUP214,1,16508,0.01,ActiveDriverDB,0
P35658,1272,P1274L,1274,NUP214,1,16508,0.01,ActiveDriverDB,0
P35658,1272,E1266G,1266,NUP214,1,16508,0.01,ActiveDriverDB,0
P35658,1284,G1286E,1286,NUP214,1,16508,0.01,ActiveDriverDB,0
P35658,1312,S1307F,1307,NUP214,1,16508,0.01,ActiveDriverDB,0
P35658,1312,E1319K,1319,NUP214,1,16508,0.01,ActiveDriverDB,0
P35658,1315,E1319K,1319,NUP214,1,16508,0.01,ActiveDriverDB,0
P35658,1353,N1350D,1350,NUP214,1,16508,0.01,ActiveDriverDB,0
P35658,1355,N1350D,1350,NUP214,1,16508,0.01,ActiveDriverDB,0
P35658,1356,N1350D,1350,NUP214,1,16508,0.01,ActiveDriverDB,0
P37275,679,S679I,679,ZEB1,1,16508,0.01,Biomuta,0
P37275,686,P687T,687,ZEB1,1,16508,0.01,ActiveDriverDB,0
P37275,693,P687T,687,ZEB1,1,16508,0.01,ActiveDriverDB,0
P41182,466,M470I,470,BCL6,1,16508,0.01,ActiveDriverDB,0
P46100,1946,K1939N,1939,ATRX,1,16508,0.01,ActiveDriverDB,0
P46100,1946,G1945E,1945,ATRX,1,16508,0.01,ActiveDriverDB,0
P46100,1948,G1945E,1945,ATRX,1,16508,0.01,ActiveDriverDB,0
P46100,1962,S1962F,1962,ATRX,1,16508,0.01,ActiveDriverDB,0
P46100,1962,G1964A,1964,ATRX,1,16508,0.01,ActiveDriverDB,0
P48431,246,S239Y,239,SOX2,1,16508,0.01,ActiveDriverDB;ActiveDriverDB,0
P48431,246,S242L,242,SOX2,2,16508,0.01,ActiveDriverDB;ActiveDriverDB,0
P48431,249,S242L,242,SOX2,2,16508,0.01,ActiveDriverDB,0
P49792,1107,G1108V,1108,RANBP2,1,16508,0.01,ActiveDriverDB,0
P49792,1110,G1108V,1108,RANBP2,1,16508,0.01,ActiveDriverDB,0
P49792,1118,K1121N,1121,RANBP2,1,16508,0.01,ActiveDriverDB;ActiveDriverDB,0
P49792,1128,K1121N,1121,RANBP2,1,16508,0.01,ActiveDriverDB;ActiveDriverDB;ActiveDriverDB;ActiveDriverDB,0
P49792,1128,R1127Q,1127,RANBP2,2,16508,0.01,ActiveDriverDB;ActiveDriverDB;ActiveDriverDB;ActiveDriverDB,0
P49792,1128,R1126W,1126,RANBP2,2,16508,0.01,ActiveDriverDB,0
P49792,1128,F1134L,1134,RANBP2,1,16508,0.01,ActiveDriverDB,0
P49792,1140,P1137S,1137,RANBP2,1,16508,0.01,ActiveDriverDB,0
P49792,1140,F1134L,1134,RANBP2,1,16508,0.01,ActiveDriverDB,0
P49792,1144,P1137S,1137,RANBP2,1,16508,0.01,ActiveDriverDB,0
P49792,1144,N1151S,1151,RANBP2,1,16508,0.01,ActiveDriverDB,0
P49792,1146,N1151S,1151,RANBP2,1,16508,0.01,ActiveDriverDB,0
P49792,1149,N1151S,1151,RANBP2,1,16508,0.01,ActiveDriverDB,0
P51532,11,R13W,13,SMARCA4,1,16508,0.01,ActiveDriverDB,0
P51532,11,P12L,12,SMARCA4,1,16508,0.01,ActiveDriverDB;ActiveDriverDB;ActiveDriverDB;ActiveDriverDB;ActiveDriverDB;ActiveDriverDB,0
P51532,11,P14T,14,SMARCA4,1,16508,0.01,ActiveDriverDB;ActiveDriverDB;ActiveDriverDB;ActiveDriverDB;ActiveDriverDB;ActiveDriverDB;ActiveDriverDB;ActiveDriverDB;ActiveDriverDB,0
P51532,31,G33D,33,SMARCA4,1,16508,0.01,ActiveDriverDB,0
P51532,35,G33D,33,SMARCA4,1,16508,0.01,ActiveDriverDB,0
P55317,282,S282R,282,FOXA1,1,16508,0.01,ActiveDriverDB,0
P78545,207,S204C,204,ELF3,1,16508,0.01,ActiveDriverDB,0
Q01543,236,P242H,242,FLI1,1,16508,0.01,ActiveDriverDB,0
Q01543,241,P242H,242,FLI1,1,16508,0.01,ActiveDriverDB,0
Q01543,263,P268L,268,FLI1,1,16508,0.01,ActiveDriverDB,0
Q09472,89,N94S,94,EP300,1,16508,0.01,ActiveDriverDB,0
Q09472,106,V103I,103,EP300,1,16508,0.01,ActiveDriverDB;ActiveDriverDB,0
Q09472,831,S833L,833,EP300,1,16508,0.01,ActiveDriverDB,0
Q09472,831,R838H,838,EP300,2,16508,0.01,ActiveDriverDB,0
Q09472,833,S833L,833,EP300,1,16508,0.01,ActiveDriverDB,0
Q09472,833,R838H,838,EP300,2,16508,0.01,ActiveDriverDB,0
Q10571,950,R945C,945,MN1,1,16508,0.01,ActiveDriverDB,0
Q10571,950,P955H,955,MN1,1,16508,0.01,ActiveDriverDB,0
Q10571,954,K961N,961,MN1,1,16508,0.01,ActiveDriverDB,0
Q10571,954,P955H,955,MN1,1,16508,0.01,ActiveDriverDB,0
Q10571,957,K961N,961,MN1,1,16508,0.01,ActiveDriverDB,0
Q10571,957,P955H,955,MN1,1,16508,0.01,ActiveDriverDB,0
Q10571,1007,W1010C,1010,MN1,2,16508,0.01,ActiveDriverDB,0
Q10571,1007,G1011V,1011,MN1,1,16508,0.01,ActiveDriverDB;ActiveDriverDB,0
Q12923,1229,R1222C,1222,PTPN13,2,16508,0.01,ActiveDriverDB,0
Q13485,273,T273A,273,SMAD4,1,16508,0.01,ActiveDriverDB;ActiveDriverDB;ActiveDriverDB;ActiveDriverDB;ActiveDriverDB,0
Q13485,273,P275T,275,SMAD4,1,16508,0.01,ActiveDriverDB,0
Q13485,277,T273A,273,SMAD4,1,16508,0.01,ActiveDriverDB;ActiveDriverDB;ActiveDriverDB;ActiveDriverDB;ActiveDriverDB,0
Q13485,277,P275T,275,SMAD4,1,16508,0.01,ActiveDriverDB,0
Q13489,141,S137C,137,BIRC3,1,16508,0.01,ActiveDriverDB,0
Q13489,141,P142L,142,BIRC3,1,16508,0.01,ActiveDriverDB,0
Q15047,1025,E1022K,1022,SETDB1,2,16508,0.01,ActiveDriverDB,0
Q15047,1027,E1022K,1022,SETDB1,2,16508,0.01,ActiveDriverDB,0
Q15154,431,Q438H,438,PCM1,1,16508,0.01,ActiveDriverDB,0
Q15154,435,Q438H,438,PCM1,1,16508,0.01,ActiveDriverDB,0
Q15788,372,S372C,372,NCOA1,1,16508,0.01,Biomuta,0
Q15788,389,N387K,387,NCOA1,1,16508,0.01,ActiveDriverDB,0
Q15788,393,N387K,387,NCOA1,1,16508,0.01,ActiveDriverDB,0
Q15788,517,S513L,513,NCOA1,2,16508,0.01,ActiveDriverDB,0
Q15788,517,S516R,516,NCOA1,1,16508,0.01,ActiveDriverDB,0
Q15788,565,R572T,572,NCOA1,1,16508,0.01,ActiveDriverDB,0
Q15788,566,R572T,572,NCOA1,1,16508,0.01,ActiveDriverDB,0
Q15788,569,R572T,572,NCOA1,1,16508,0.01,ActiveDriverDB,0
Q15788,1250,P1251T,1251,NCOA1,1,16508,0.01,ActiveDriverDB,0
Q15788,1271,Q1270E,1270,NCOA1,1,16508,0.01,ActiveDriverDB,0
Q15788,1279,W1285L,1285,NCOA1,1,16508,0.01,ActiveDriverDB,0
Q5M775,311,R310Q,310,SPECC1,1,16508,0.01,ActiveDriverDB,0
Q5M775,312,S312P,312,SPECC1,1,16508,0.01,PhosphoSitePlus,0
Q5M775,312,R310Q,310,SPECC1,1,16508,0.01,ActiveDriverDB,0
Q5M775,314,S312P,312,SPECC1,1,16508,0.01,PhosphoSitePlus,0
Q5M775,314,R310Q,310,SPECC1,1,16508,0.01,ActiveDriverDB,0
Q5M775,315,S312P,312,SPECC1,1,16508,0.01,PhosphoSitePlus,0
Q5M775,315,R310Q,310,SPECC1,1,16508,0.01,ActiveDriverDB,0
Q5M775,316,S312P,312,SPECC1,1,16508,0.01,PhosphoSitePlus,0
Q5M775,316,R310Q,310,SPECC1,1,16508,0.01,ActiveDriverDB,0
Q5M775,317,S312P,312,SPECC1,1,16508,0.01,PhosphoSitePlus,0
Q5M775,317,R310Q,310,SPECC1,1,16508,0.01,ActiveDriverDB,0
Q5M775,323,D330Y,330,SPECC1,1,16508,0.01,ActiveDriverDB,0
Q5M775,325,D330Y,330,SPECC1,1,16508,0.01,ActiveDriverDB;ActiveDriverDB,0
Q5M775,329,D330Y,330,SPECC1,1,16508,0.01,ActiveDriverDB;ActiveDriverDB,0
Q6W2J9,569,A570T,570,BCOR,2,16508,0.01,ActiveDriverDB;ActiveDriverDB;ActiveDriverDB,0
Q6W2J9,569,R566C,566,BCOR,2,16508,0.01,ActiveDriverDB;ActiveDriverDB;ActiveDriverDB,0
Q6W2J9,569,A564T,564,BCOR,1,16508,0.01,ActiveDriverDB;ActiveDriverDB,0
Q6W2J9,571,A570T,570,BCOR,2,16508,0.01,ActiveDriverDB;ActiveDriverDB;ActiveDriverDB,0
Q6W2J9,571,R566C,566,BCOR,2,16508,0.01,ActiveDriverDB;ActiveDriverDB;ActiveDriverDB,0
Q6W2J9,571,A564T,564,BCOR,1,16508,0.01,ActiveDriverDB;ActiveDriverDB,0
Q86UU0,88,A84V,84,BCL9L,1,16508,0.01,ActiveDriverDB,0
Q86UU0,93,Q98R,98,BCL9L,1,16508,0.01,ActiveDriverDB,0
Q86UU0,93,A99V,99,BCL9L,1,16508,0.01,ActiveDriverDB,0
Q86UU0,750,R746W,746,BCL9L,2,16508,0.01,ActiveDriverDB,0
Q86UU0,915,S915L,915,BCL9L,2,16508,0.01,Biomuta,0
Q86UU0,915,N922K,922,BCL9L,1,16508,0.01,ActiveDriverDB,0
Q86UU0,920,P927L,927,BCL9L,1,16508,0.01,ActiveDriverDB,0
Q86UU0,926,N922K,922,BCL9L,1,16508,0.01,ActiveDriverDB,0
Q86UU0,926,P927L,927,BCL9L,1,16508,0.01,ActiveDriverDB,0
Q86UU0,934,P927L,927,BCL9L,1,16508,0.01,ActiveDriverDB,0
Q86UU0,942,S947L,947,BCL9L,2,16508,0.01,ActiveDriverDB,0
Q86UU0,946,S947L,947,BCL9L,2,16508,0.01,ActiveDriverDB,0
Q86UU0,947,S947L,947,BCL9L,2,16508,0.01,ActiveDriverDB,0
Q86UU0,949,S947L,947,BCL9L,2,16508,0.01,ActiveDriverDB,0
Q86UU0,954,S947L,947,BCL9L,2,16508,0.01,ActiveDriverDB;ActiveDriverDB,0
Q86UU0,954,M961I,961,BCL9L,1,16508,0.01,ActiveDriverDB;ActiveDriverDB,0
Q86UU0,957,M961I,961,BCL9L,1,16508,0.01,ActiveDriverDB,0
Q86UU0,959,M961I,961,BCL9L,1,16508,0.01,ActiveDriverDB,0
Q86UU0,975,G980C,980,BCL9L,2,16508,0.01,ActiveDriverDB,0
Q86UU0,975,G971R,971,BCL9L,1,16508,0.01,ActiveDriverDB,0
Q86UU0,981,G980C,980,BCL9L,2,16508,0.01,ActiveDriverDB,0
Q86UU0,982,G980C,980,BCL9L,2,16508,0.01,ActiveDriverDB,0
Q86UU0,984,G980C,980,BCL9L,2,16508,0.01,ActiveDriverDB,0
Q86UU0,984,S991L,991,BCL9L,1,16508,0.01,ActiveDriverDB,0
Q86UU0,987,G980C,980,BCL9L,2,16508,0.01,ActiveDriverDB,0
Q86UU0,987,R994M,994,BCL9L,1,16508,0.01,ActiveDriverDB,0
Q86UU0,987,S991L,991,BCL9L,1,16508,0.01,ActiveDriverDB,0
Q86UU0,989,R994M,994,BCL9L,1,16508,0.01,ActiveDriverDB,0
Q86UU0,989,S991L,991,BCL9L,1,16508,0.01,ActiveDriverDB,0
Q86UU0,991,R994M,994,BCL9L,1,16508,0.01,ActiveDriverDB,0
Q86UU0,991,S991L,991,BCL9L,1,16508,0.01,Biomuta,0
Q86UU0,993,R994M,994,BCL9L,1,16508,0.01,ActiveDriverDB,0
Q86UU0,993,S991L,991,BCL9L,1,16508,0.01,ActiveDriverDB,0
Q86UU0,997,R994M,994,BCL9L,1,16508,0.01,ActiveDriverDB,0
Q86UU0,997,S991L,991,BCL9L,1,16508,0.01,ActiveDriverDB,0
Q86UU0,999,R994M,994,BCL9L,1,16508,0.01,ActiveDriverDB,0
Q8IUD2,94,G96E,96,ERC1,1,16508,0.01,ActiveDriverDB,0
Q8IUD2,94,G95V,95,ERC1,1,16508,0.01,ActiveDriverDB,0
Q8IXJ9,1262,S1269L,1269,ASXL1,2,16508,0.01,ActiveDriverDB,0
Q8IXJ9,1276,S1269L,1269,ASXL1,2,16508,0.01,ActiveDriverDB;ActiveDriverDB,0
Q8IXJ9,1276,V1279M,1279,ASXL1,1,16508,0.01,ActiveDriverDB;ActiveDriverDB,0
Q8IXJ9,1276,R1273C,1273,ASXL1,1,16508,0.01,ActiveDriverDB,0
Q8IZL2,513,M514V,514,MAML2,1,16508,0.01,PhosphoSitePlus,0
Q8IZL2,515,M514V,514,MAML2,1,16508,0.01,PhosphoSitePlus,0
Q8IZL2,1089,P1088S,1088,MAML2,2,16508,0.01,ActiveDriverDB,0
Q8IZL2,1089,T1083M,1083,MAML2,2,16508,0.01,ActiveDriverDB,0
Q8IZP0,178,P177L,177,ABI1,1,16508,0.01,ActiveDriverDB,0
Q8IZP0,183,S183G,183,ABI1,1,16508,0.01,Biomuta,0
Q8IZP0,183,P177L,177,ABI1,1,16508,0.01,ActiveDriverDB,0
Q8IZP0,338,S344F,344,ABI1,1,16508,0.01,ActiveDriverDB,0
O00571,55,S58T,58,DDX3X,1,16508,0.01,ActiveDriverDB;ActiveDriverDB,0
O00571,64,S58T,58,DDX3X,1,16508,0.01,ActiveDriverDB,0
O00571,118,R121L,121,DDX3X,1,16508,0.01,ActiveDriverDB,0
O00571,130,R126P,126,DDX3X,1,16508,0.01,ActiveDriverDB,0
O00571,130,D132N,132,DDX3X,1,16508,0.01,ActiveDriverDB,0
O00571,138,P142L,142,DDX3X,1,16508,0.01,ActiveDriverDB,0
O00571,138,D132N,132,DDX3X,1,16508,0.01,ActiveDriverDB,0
O14497,1201,N1203Y,1203,ARID1A,1,16508,0.01,ActiveDriverDB,0
O15534,136,S129L,129,PER1,1,16508,0.01,ActiveDriverDB,0
O15534,648,S654P,654,PER1,1,16508,0.01,ActiveDriverDB,0
O15534,678,T677I,677,PER1,1,16508,0.01,ActiveDriverDB,0
O15534,695,P693S,693,PER1,1,16508,0.01,ActiveDriverDB,0
O75376,1511,V1505I,1505,NCOR1,1,16508,0.01,ActiveDriverDB,0
O75376,1511,H1515Y,1515,NCOR1,1,16508,0.01,ActiveDriverDB,0
P02452,1236,L1229H,1229,COL1A1,1,16508,0.01,ActiveDriverDB,0
P02458,490,G492V,492,COL2A1,1,16508,0.01,PhosphoSitePlus,0
P02461,757,G756E,756,COL3A1,1,16508,0.01,PhosphoSitePlus;PhosphoSitePlus,0
P02545,597,C591S,591,LMNA,1,16508,0.01,ActiveDriverDB,0
P23246,279,S283C,283,SFPQ,1,16508,0.01,ActiveDriverDB,0
P46100,1956,S1962F,1962,ATRX,1,16508,0.01,ActiveDriverDB,0
Q01543,217,E218Q,218,FLI1,1,16508,0.01,ActiveDriverDB,0
Q01543,240,P242H,242,FLI1,1,16508,0.01,ActiveDriverDB,0
O00512,844,R839L,839,BCL9,1,16508,0.01,ActiveDriverDB,0
O00512,844,R843Q,843,BCL9,1,16508,0.01,ActiveDriverDB,0
P02452,505,G509V,509,COL1A1,1,16508,0.01,PhosphoSitePlus,0
P35637,510,G515C,515,FUS,1,16508,0.01,PhosphoSitePlus;PhosphoSitePlus;PhosphoSitePlus;PhosphoSitePlus,0
P55317,267,F266S,266,FOXA1,1,16508,0.01,ActiveDriverDB,0
P55317,267,R261C,261,FOXA1,2,16508,0.01,ActiveDriverDB;ActiveDriverDB;ActiveDriverDB;ActiveDriverDB;ActiveDriverDB,0
P55317,270,F266S,266,FOXA1,1,16508,0.01,ActiveDriverDB,0
Q01543,252,E255Q,255,FLI1,1,16508,0.01,ActiveDriverDB,0
Q01543,252,T249M,249,FLI1,1,16508,0.01,ActiveDriverDB,0
Q10571,1012,W1010C,1010,MN1,2,16508,0.01,ActiveDriverDB,0
Q10571,1012,G1011V,1011,MN1,1,16508,0.01,ActiveDriverDB;ActiveDriverDB,0
Q86UU0,49,T50I,50,BCL9L,1,16508,0.01,ActiveDriverDB,0
Q86UU0,73,A77V,77,BCL9L,1,16508,0.01,ActiveDriverDB,0
P02452,451,P451S,451,COL1A1,1,16508,0.01,Biomuta,0
P02452,601,P601T,601,COL1A1,1,16508,0.01,Biomuta,0
P02452,640,P640T,640,COL1A1,1,16508,0.01,Biomuta,0
P02452,646,P646L,646,COL1A1,1,16508,0.01,Biomuta,0
P02452,817,P817L,817,COL1A1,1,16508,0.01,Biomuta,0
P02452,871,P871S,871,COL1A1,1,16508,0.01,Biomuta,0
P02452,928,P928H,928,COL1A1,1,16508,0.01,Biomuta,0
P02452,1165,P1165L,1165,COL1A1,1,16508,0.01,Biomuta,0
P02452,1179,P1179S,1179,COL1A1,1,16508,0.01,Biomuta,0
P02452,1185,P1185L,1185,COL1A1,1,16508,0.01,Biomuta,0
P02458,668,P668S,668,COL2A1,1,16508,0.01,Biomuta,0
P02458,1186,P1186H,1186,COL2A1,1,16508,0.01,Biomuta,0
P02458,1205,P1205L,1205,COL2A1,1,16508,0.01,Biomuta,0
O00571,93,R99H,99,DDX3X,1,16508,0.01,ActiveDriverDB,0
O00571,95,R99H,99,DDX3X,1,16508,0.01,ActiveDriverDB;ActiveDriverDB,0
O00571,95,R101W,101,DDX3X,1,16508,0.01,ActiveDriverDB;ActiveDriverDB,0
O00571,99,R99H,99,DDX3X,1,16508,0.01,ActiveDriverDB;ActiveDriverDB,0
O00571,99,R101W,101,DDX3X,1,16508,0.01,ActiveDriverDB;ActiveDriverDB,0
O00571,101,R99H,99,DDX3X,1,16508,0.01,ActiveDriverDB;ActiveDriverDB,0
O00571,101,R101W,101,DDX3X,1,16508,0.01,ActiveDriverDB;ActiveDriverDB,0
O00571,101,G108D,108,DDX3X,1,16508,0.01,ActiveDriverDB,0
O00571,110,R110C,110,DDX3X,2,16508,0.01,Biomuta,0
O00571,110,G108D,108,DDX3X,1,16508,0.01,ActiveDriverDB,0
O00571,121,R126P,126,DDX3X,1,16508,0.01,ActiveDriverDB,0
O00571,121,R121L,121,DDX3X,1,16508,0.01,ActiveDriverDB,0
O14497,389,K389Q,389,ARID1A,1,16508,0.01,ActiveDriverDB,0
O14497,391,K389Q,389,ARID1A,1,16508,0.01,ActiveDriverDB,0
O14497,750,S745N,745,ARID1A,1,16508,0.01,ActiveDriverDB,0
O14497,774,A770T,770,ARID1A,1,16508,0.01,ActiveDriverDB;ActiveDriverDB,0
O14497,774,P773L,773,ARID1A,1,16508,0.01,ActiveDriverDB;ActiveDriverDB,0
O14497,774,R774H,774,ARID1A,2,16508,0.01,ActiveDriverDB,0
O14497,1223,Y1226C,1226,ARID1A,1,16508,0.01,ActiveDriverDB;ActiveDriverDB,0
O14497,1223,S1225C,1225,ARID1A,1,16508,0.01,ActiveDriverDB;ActiveDriverDB,0
O14497,1223,M1221R,1221,ARID1A,1,16508,0.01,ActiveDriverDB,0
O14497,1237,P1244H,1244,ARID1A,1,16508,0.01,ActiveDriverDB,0
O14497,1237,A1239T,1239,ARID1A,2,16508,0.01,ActiveDriverDB,0
O14497,1287,R1287T,1287,ARID1A,1,16508,0.01,ActiveDriverDB,0
O14497,1511,Q1512H,1512,ARID1A,2,16508,0.01,ActiveDriverDB,0
O14497,1511,Y1508C,1508,ARID1A,1,16508,0.01,ActiveDriverDB,0
O43524,419,S412C,412,FOXO3,1,16508,0.01,ActiveDriverDB,0
O43524,419,S425F,425,FOXO3,1,16508,0.01,ActiveDriverDB,0
O75376,1518,H1515Y,1515,NCOR1,1,16508,0.01,ActiveDriverDB,0
O75533,318,D321V,321,SF3B1,1,16508,0.01,ActiveDriverDB,0
O75626,371,G366C,366,PRDM1,1,16508,0.01,ActiveDriverDB,0
P02545,644,L641R,641,LMNA,1,16508,0.01,ActiveDriverDB;ActiveDriverDB;ActiveDriverDB,0
P08151,161,R161Q,161,GLI1,1,16508,0.01,ActiveDriverDB,0
P08151,161,D158Y,158,GLI1,1,16508,0.01,ActiveDriverDB,0
P08151,161,P168H,168,GLI1,1,16508,0.01,ActiveDriverDB,0
P08151,161,G162D,162,GLI1,1,16508,0.01,ActiveDriverDB,0
P22626,200,R200S,200,HNRNPA2B1,1,16508,0.01,ActiveDriverDB,0
P22626,203,R200S,200,HNRNPA2B1,1,16508,0.01,ActiveDriverDB,0
P22626,213,G217V,217,HNRNPA2B1,1,16508,0.01,ActiveDriverDB,0
P22626,228,G233A,233,HNRNPA2B1,1,16508,0.01,ActiveDriverDB,0
P22626,238,R238S,238,HNRNPA2B1,2,16508,0.01,Biomuta,0
P22626,238,G239R,239,HNRNPA2B1,1,16508,0.01,ActiveDriverDB,0
P22626,238,G233A,233,HNRNPA2B1,1,16508,0.01,ActiveDriverDB,0
P22626,238,Y244C,244,HNRNPA2B1,1,16508,0.01,ActiveDriverDB,0
P22626,266,G261S,261,HNRNPA2B1,1,16508,0.01,ActiveDriverDB,0
P22626,266,G265R,265,HNRNPA2B1,1,16508,0.01,ActiveDriverDB,0
P22626,266,S259C,259,HNRNPA2B1,1,16508,0.01,ActiveDriverDB,0
P22626,325,Y331C,331,HNRNPA2B1,1,16508,0.01,ActiveDriverDB,0
P22626,325,G332C,332,HNRNPA2B1,1,16508,0.01,ActiveDriverDB,0
P22626,325,G328W,328,HNRNPA2B1,1,16508,0.01,ActiveDriverDB,0
P23246,693,R693I,693,SFPQ,1,16508,0.01,ActiveDriverDB,0
P23246,695,R693I,693,SFPQ,1,16508,0.01,ActiveDriverDB,0
P35637,213,G206S,206,FUS,1,16508,0.01,ActiveDriverDB;ActiveDriverDB;ActiveDriverDB,0
P35637,213,G214R,214,FUS,1,16508,0.01,ActiveDriverDB,0
P35637,216,G214R,214,FUS,1,16508,0.01,ActiveDriverDB,0
P35637,218,G214R,214,FUS,1,16508,0.01,ActiveDriverDB,0
P35637,234,N233S,233,FUS,1,16508,0.01,ActiveDriverDB,0
P35637,251,G256R,256,FUS,1,16508,0.01,ActiveDriverDB,0
P35637,259,G256R,256,FUS,1,16508,0.01,ActiveDriverDB,0
P35637,388,R394L,394,FUS,1,16508,0.01,ActiveDriverDB;ActiveDriverDB;ActiveDriverDB,0
P35637,394,R394L,394,FUS,1,16508,0.01,ActiveDriverDB;ActiveDriverDB;ActiveDriverDB,0
P35637,473,R472C,472,FUS,1,16508,0.01,ActiveDriverDB,0
P35637,473,R473H,473,FUS,1,16508,0.01,ActiveDriverDB,0
P35637,476,R472C,472,FUS,1,16508,0.01,ActiveDriverDB,0
P35637,476,R473H,473,FUS,1,16508,0.01,ActiveDriverDB,0
P35637,514,G515V,515,FUS,1,16508,0.01,ActiveDriverDB;ActiveDriverDB;ActiveDriverDB;ActiveDriverDB;ActiveDriverDB;ActiveDriverDB;ActiveDriverDB;ActiveDriverDB,0
P35637,514,Q519E,519,FUS,1,16508,0.01,ActiveDriverDB;ActiveDriverDB;ActiveDriverDB;ActiveDriverDB;ActiveDriverDB;ActiveDriverDB;ActiveDriverDB;ActiveDriverDB,0
P35637,518,G515C,515,FUS,1,16508,0.01,PhosphoSitePlus;PhosphoSitePlus;PhosphoSitePlus;PhosphoSitePlus;PhosphoSitePlus;PhosphoSitePlus;PhosphoSitePlus;PhosphoSitePlus,0
P35637,518,R522G,522,FUS,2,16508,0.01,PhosphoSitePlus;PhosphoSitePlus;PhosphoSitePlus;PhosphoSitePlus;PhosphoSitePlus;PhosphoSitePlus;PhosphoSitePlus;PhosphoSitePlus,0
P35637,521,R522G,522,FUS,2,16508,0.01,PhosphoSitePlus;PhosphoSitePlus;PhosphoSitePlus;PhosphoSitePlus;PhosphoSitePlus;PhosphoSitePlus;PhosphoSitePlus;PhosphoSitePlus,0
P35637,522,R522G,522,FUS,2,16508,0.01,PhosphoSitePlus;PhosphoSitePlus;PhosphoSitePlus;PhosphoSitePlus;PhosphoSitePlus;PhosphoSitePlus;PhosphoSitePlus;PhosphoSitePlus,0
P35637,524,R522G,522,FUS,2,16508,0.01,PhosphoSitePlus;PhosphoSitePlus;PhosphoSitePlus;PhosphoSitePlus;PhosphoSitePlus;PhosphoSitePlus;PhosphoSitePlus,0
P35658,640,V637M,637,NUP214,1,16508,0.01,ActiveDriverDB,0
P46100,1963,S1962F,1962,ATRX,1,16508,0.01,ActiveDriverDB,0
P46100,1963,G1964A,1964,ATRX,1,16508,0.01,ActiveDriverDB,0
Q01844,461,R464T,464,EWSR1,1,16508,0.01,ActiveDriverDB,0
Q01844,464,R464T,464,EWSR1,1,16508,0.01,ActiveDriverDB,0
Q01844,471,R464T,464,EWSR1,1,16508,0.01,ActiveDriverDB,0
Q01844,563,D562N,562,EWSR1,1,16508,0.01,ActiveDriverDB,0
Q01844,565,D562N,562,EWSR1,1,16508,0.01,ActiveDriverDB,0
Q01844,632,L625M,625,EWSR1,1,16508,0.01,ActiveDriverDB,0
Q01844,632,G637R,637,EWSR1,1,16508,0.01,ActiveDriverDB,0
Q01844,632,M626I,626,EWSR1,1,16508,0.01,ActiveDriverDB,0
Q01844,633,G637R,637,EWSR1,1,16508,0.01,ActiveDriverDB,0
Q01844,633,M626I,626,EWSR1,1,16508,0.01,ActiveDriverDB,0
Q01844,636,G637R,637,EWSR1,1,16508,0.01,ActiveDriverDB,0
Q04864,421,A416V,416,REL,1,16508,0.01,ActiveDriverDB,0
Q04864,421,P427S,427,REL,1,16508,0.01,ActiveDriverDB,0
Q09472,237,L236F,236,EP300,1,16508,0.01,ActiveDriverDB,0
Q09472,237,Q240H,240,EP300,1,16508,0.01,ActiveDriverDB,0
Q09472,243,L236F,236,EP300,1,16508,0.01,ActiveDriverDB,0
Q09472,243,Q240H,240,EP300,1,16508,0.01,ActiveDriverDB,0
Q09472,705,R705G,705,EP300,1,16508,0.01,ActiveDriverDB,0
Q86UU0,593,F598C,598,BCL9L,1,16508,0.01,ActiveDriverDB,0
Q86UU0,602,F598C,598,BCL9L,1,16508,0.01,ActiveDriverDB,0
Q8IUD2,93,G96E,96,ERC1,1,16508,0.01,ActiveDriverDB,0
Q8IUD2,93,G95V,95,ERC1,1,16508,0.01,ActiveDriverDB,0
P35637,386,R386Q,386,FUS,1,16508,0.01,Biomuta,0
Q01844,304,R304K,304,EWSR1,1,16508,0.01,Biomuta,0
Q01844,314,R314K,314,EWSR1,1,16508,0.01,Biomuta,0
P48431,245,S239Y,239,SOX2,1,16508,0.01,ActiveDriverDB;ActiveDriverDB,0
P48431,245,S242L,242,SOX2,2,16508,0.01,ActiveDriverDB;ActiveDriverDB,0